gridiv,name,time,QN,QH,QE,QS,hour
4,Kampong Lama,2024-03-16 00:00:00,2.8658587862348757,0.6114640946349752,0.4333292827971933,1.821065408802724,0
4,Kampong Lama,2024-03-16 01:00:00,2.8457476468611915,0.36574533952209975,0.6708674247848379,1.809134882554261,1
4,Kampong Lama,2024-03-16 02:00:00,2.8169791308344188,0.20307000055210622,0.8238865996243518,1.7900225306579642,2
4,Kampong Lama,2024-03-16 03:00:00,2.776829741302187,0.19765202594977183,0.8174421674168215,1.7617355479355936,3
4,Kampong Lama,2024-03-16 04:00:00,2.7191567978189974,0.09939802613422799,0.8974389488496861,1.7223198228350896,4
4,Kampong Lama,2024-03-16 05:00:00,2.6799600788958635,-0.08551708419774506,1.0635514984520604,1.7019256646415428,5
4,Kampong Lama,2024-03-16 06:00:00,2.722343523249627,-0.14379921004261575,1.1354721634807952,1.730670569811446,6
4,Kampong Lama,2024-03-16 07:00:00,2.8755078613152705,-0.12961612610727968,1.1686176785544369,1.8365063088681097,7
4,Kampong Lama,2024-03-16 08:00:00,3.0547064079968322,0.011590284533482986,1.0933630565814205,1.9497530668818968,8
4,Kampong Lama,2024-03-16 09:00:00,3.28674299856101,0.3022908088999827,0.9278527229439462,2.0565994667170457,9
4,Kampong Lama,2024-03-16 10:00:00,3.5704009314112,0.7342147687168676,0.5553140505007761,2.2808721121934354,10
4,Kampong Lama,2024-03-16 11:00:00,3.7050325976105114,1.4102547567805743,-0.0680416072068688,2.3628194480368165,11
4,Kampong Lama,2024-03-16 12:00:00,3.7035524131728152,1.7016756644015913,-0.31996740591691264,2.321844154688165,12
4,Kampong Lama,2024-03-16 13:00:00,3.6861166851173266,0.2877227875391668,1.0893908660003504,2.309003031577845,13
4,Kampong Lama,2024-03-16 14:00:00,3.6170087796011785,0.4569932153562206,0.8223826176279587,2.337632946616907,14
4,Kampong Lama,2024-03-16 15:00:00,3.4636804604450617,0.545962343384133,0.7172063119393286,2.2005118051216357,15
4,Kampong Lama,2024-03-16 16:00:00,3.3198102480504588,0.7748710940401224,0.43754209161888014,2.107397062391442,16
4,Kampong Lama,2024-03-16 17:00:00,3.243068390946817,1.0171280586726539,0.16480555236143601,2.06113477991272,17
4,Kampong Lama,2024-03-16 18:00:00,3.1833836352889904,1.0852626685926978,0.0750740838562356,2.023046882840049,18
4,Kampong Lama,2024-03-16 19:00:00,3.099520440089357,1.0899089231167025,0.04244032076974058,1.9671711962029192,19
4,Kampong Lama,2024-03-16 20:00:00,3.0252148658622886,1.086324589836554,0.015521523360019884,1.9233687526657235,20
4,Kampong Lama,2024-03-16 21:00:00,2.9706491128461483,1.0361633708372082,0.015094225448886167,1.9193915165600473,21
4,Kampong Lama,2024-03-16 22:00:00,2.9110243888013194,1.036416709797205,0.018856204442198266,1.8557514745619201,22
4,Kampong Lama,2024-03-16 23:00:00,2.8711917550755555,1.002537691977274,0.047334462014615664,1.8213196010836583,23
4,Kampong Lama,2024-03-17 00:00:00,2.8282250130960858,0.9535519141052653,0.08237213792816078,1.7923009610626437,0
4,Kampong Lama,2024-03-17 01:00:00,2.762561644703389,0.923189908598836,0.08683090468298715,1.7525408314215554,1
4,Kampong Lama,2024-03-17 02:00:00,2.7728872056799174,0.9043658039983384,0.10731141042577663,1.7612099912558037,2
4,Kampong Lama,2024-03-17 03:00:00,2.878511642248677,0.8895267303746621,0.1504368000993539,1.8385481117746565,3
4,Kampong Lama,2024-03-17 04:00:00,2.949556552018878,0.916314399907769,0.14518658620099956,1.8880555659101006,4
4,Kampong Lama,2024-03-17 05:00:00,2.9598983216189136,0.9465982861964939,0.12312529520473259,1.890174740217681,5
4,Kampong Lama,2024-03-17 06:00:00,2.984814576483636,0.9776368855065556,0.10475427133847948,1.902423419638609,6
4,Kampong Lama,2024-03-17 07:00:00,3.0536811420337244,1.0153771891848322,0.09174035663607683,1.9465635962128474,7
4,Kampong Lama,2024-03-17 08:00:00,3.1415719261802906,1.0726401449361873,0.06634072286238712,2.002591058381711,8
4,Kampong Lama,2024-03-17 09:00:00,3.3273360028494494,1.1627252816826115,0.039405252894187726,2.125205468272725,9
4,Kampong Lama,2024-03-17 10:00:00,3.601203617984197,1.640997179204959,-0.1763584540357339,2.1365648928149312,10
4,Kampong Lama,2024-03-17 11:00:00,3.7624367935309238,-0.05772521729701907,1.3163853394091252,2.5037766714189047,11
4,Kampong Lama,2024-03-17 12:00:00,3.811792841275633,0.7094700519758135,0.7346368422853864,2.3676859470144223,12
4,Kampong Lama,2024-03-17 13:00:00,3.824755397422564,1.1668338912849947,0.22498804203245015,2.4329334641050764,13
4,Kampong Lama,2024-03-17 14:00:00,3.7461936472551542,1.1424004977063191,0.22324311494821103,2.38055003460056,14
4,Kampong Lama,2024-03-17 15:00:00,3.5751064930497023,0.8085593763268264,0.49747852685215577,2.269068589870699,15
4,Kampong Lama,2024-03-17 16:00:00,3.4534922944464768,0.5520964869938325,0.7068520240353919,2.1945437834173163,16
4,Kampong Lama,2024-03-17 17:00:00,3.408914197411491,0.46592729221530504,0.7754115490429285,2.167575356153243,17
4,Kampong Lama,2024-03-17 18:00:00,3.3223165575892866,0.6113551009809726,0.624906030045782,2.086055426562531,18
4,Kampong Lama,2024-03-17 19:00:00,3.1644919778632072,0.7521155273778461,0.4008296977760093,2.011546752709357,19
4,Kampong Lama,2024-03-17 20:00:00,3.018935592153298,0.8268328946959755,0.2816246869367838,1.910478010520528,20
4,Kampong Lama,2024-03-17 21:00:00,2.9255963668949168,0.815379101923881,0.26177574536748693,1.848441519603547,21
4,Kampong Lama,2024-03-17 22:00:00,2.828566403032319,0.8194797937774787,0.22263780265990984,1.786448806594933,22
4,Kampong Lama,2024-03-17 23:00:00,2.7548820354283396,0.8089647505389728,0.2058231193906659,1.7400941654987108,23
4,Kampong Lama,2024-03-18 00:00:00,2.7634990853813273,0.7469817601247009,0.26354500593137686,1.7529723193252522,0
4,Kampong Lama,2024-03-18 01:00:00,2.779190465396977,0.6365946220276228,0.373913075770929,1.7686827675984205,1
4,Kampong Lama,2024-03-18 02:00:00,2.7534152676257886,0.4628729134585363,0.5401638773596087,1.75037847680764,2
4,Kampong Lama,2024-03-18 03:00:00,2.741062202287517,0.28104010335894003,0.718787898820656,1.7412342001079253,3
4,Kampong Lama,2024-03-18 04:00:00,2.7390142817421044,0.10628722126346446,0.8909640849938398,1.7417629754847965,4
4,Kampong Lama,2024-03-18 05:00:00,2.7226905989008183,-0.07791891717272748,1.0684631598243328,1.732146356249224,5
4,Kampong Lama,2024-03-18 06:00:00,2.726982148767455,-0.3123597647451479,1.3509755580554135,1.6883663554571928,6
4,Kampong Lama,2024-03-18 07:00:00,2.748907323793617,-0.8533411312478592,1.8225868597914996,1.7796615952499906,7
4,Kampong Lama,2024-03-18 08:00:00,2.7875381367891805,-1.3615148615618864,2.372210197796292,1.776842800554789,8
4,Kampong Lama,2024-03-18 09:00:00,2.9979813488852756,-1.5024492054963758,2.5827342499585484,1.9176963044230604,9
4,Kampong Lama,2024-03-18 10:00:00,3.3372524412650364,-0.9975604446851207,2.2431500743321493,2.0916628116179936,10
4,Kampong Lama,2024-03-18 11:00:00,3.5262324587251896,0.6209761303124708,0.9310151906539375,1.974241137758895,11
4,Kampong Lama,2024-03-18 12:00:00,3.5986121000170215,1.3768303628507965,-0.09625766441955363,2.318039401585793,12
4,Kampong Lama,2024-03-18 13:00:00,3.6730990532221313,1.7315337017477646,-0.40206033516115625,2.343625686635505,13
4,Kampong Lama,2024-03-18 14:00:00,3.6966934485055845,1.0980482471408095,0.1649582290196232,2.433686972345015,14
4,Kampong Lama,2024-03-18 15:00:00,3.639039585680564,0.546781138130541,0.6957432302686959,2.396515217281319,15
4,Kampong Lama,2024-03-18 16:00:00,3.543250515436654,0.6828423629395388,0.5990121962980588,2.2613959561990384,16
4,Kampong Lama,2024-03-18 17:00:00,3.48676184552248,0.7793542327179352,0.4897557737668685,2.217651839037682,17
4,Kampong Lama,2024-03-18 18:00:00,3.449249153130209,0.8430017428918788,0.4129603945400122,2.193287015698317,18
4,Kampong Lama,2024-03-18 19:00:00,3.385522085117593,0.8434252159030855,0.4014598814497461,2.140636987764765,19
4,Kampong Lama,2024-03-18 20:00:00,3.3541238700033595,0.8302724252661164,0.4020677206809493,2.121783724056293,20
4,Kampong Lama,2024-03-18 21:00:00,3.3394172764222,0.7956408030994169,0.4209764387753374,2.1228000345474456,21
4,Kampong Lama,2024-03-18 22:00:00,3.294147719168638,0.7169592319866354,0.4838081399484553,2.0933803472335413,22
4,Kampong Lama,2024-03-18 23:00:00,3.2387072352979445,0.6911831182512032,0.49205716520717147,2.055466951839577,23
4,Kampong Lama,2024-03-19 00:00:00,3.1612845695039002,0.7520658882560696,0.4055132453179233,2.003705435929902,0
4,Kampong Lama,2024-03-19 01:00:00,3.0675775901105027,0.8230311485971598,0.3023978950709667,1.9421485464423753,1
4,Kampong Lama,2024-03-19 02:00:00,3.035931513543277,0.8698223006883552,0.24235370207626517,1.9237555107786477,2
4,Kampong Lama,2024-03-19 03:00:00,3.057575533151047,0.9360852619090494,0.1787278564969501,1.9427624147450402,3
4,Kampong Lama,2024-03-19 04:00:00,3.0468549972917813,0.9872118651139381,0.12201603105924974,1.9376271011186006,4
4,Kampong Lama,2024-03-19 05:00:00,3.01959785013716,1.009151999395268,0.09126877672030531,1.91917707402159,5
4,Kampong Lama,2024-03-19 06:00:00,3.036294345210379,1.0315047367009527,0.07172017740719205,1.9330694311022416,6
4,Kampong Lama,2024-03-19 07:00:00,3.118158674047322,1.0466254972138387,0.08332028921088597,1.988212887622609,7
4,Kampong Lama,2024-03-19 08:00:00,3.2164962310499163,0.9412564835108554,0.22505153790435983,2.05018820963474,8
4,Kampong Lama,2024-03-19 09:00:00,3.3552921180294106,0.8871132482368296,0.3268424716442482,2.1413363981483826,9
4,Kampong Lama,2024-03-19 10:00:00,3.5627254680078977,1.1125999545457432,0.21911941968767934,2.231006093774454,10
4,Kampong Lama,2024-03-19 11:00:00,3.6885780809246853,1.6022508234105715,-0.26725286680207816,2.3535801243161245,11
4,Kampong Lama,2024-03-19 12:00:00,3.7215332340604164,0.36560963416971504,1.0193355844854626,2.3365880154053116,12
4,Kampong Lama,2024-03-19 13:00:00,3.724844062969396,0.20125218578311888,1.135987185936978,2.38760469124918,13
4,Kampong Lama,2024-03-19 14:00:00,3.6776509116644434,0.5314889164929184,0.8066125564319044,2.3395494387395956,14
4,Kampong Lama,2024-03-19 15:00:00,3.5817972690608713,0.8191549282462347,0.4867863680634805,2.2758559727512306,15
4,Kampong Lama,2024-03-19 16:00:00,3.458956534973538,1.0803301391587183,0.18195680496413758,2.1966695908506892,16
4,Kampong Lama,2024-03-19 17:00:00,3.367864005522293,1.1439729465109139,0.020220504244703008,2.203670554766692,17
4,Kampong Lama,2024-03-19 18:00:00,3.2884386773923904,1.183920265046531,-0.010155371116684186,2.114673783462546,18
4,Kampong Lama,2024-03-19 19:00:00,3.203078771779589,1.0920999966592078,0.012315648466293183,2.0986631266540883,19
4,Kampong Lama,2024-03-19 20:00:00,3.228592760751276,0.869213488723851,0.25459839515816185,2.1047808768692704,20
4,Kampong Lama,2024-03-19 21:00:00,3.3062905289953477,0.3617820520335471,0.8248600424865309,2.119648434475266,21
4,Kampong Lama,2024-03-19 22:00:00,3.2654159197284187,0.05962575246218815,1.1258356748084744,2.079954492457759,22
4,Kampong Lama,2024-03-19 23:00:00,3.143323628194816,0.10359798588985214,1.047194561876843,1.9925310804281153,23
4,Kampong Lama,2024-03-20 00:00:00,3.051996783628825,0.29850454874303445,0.8250835239465903,1.928408710939209,0
4,Kampong Lama,2024-03-20 01:00:00,3.0081410743719665,0.484918236901521,0.6232272000098984,1.8999956374605418,1
4,Kampong Lama,2024-03-20 02:00:00,3.0039470648476865,0.59318769562001,0.5107586867450173,1.9000006824826698,2
4,Kampong Lama,2024-03-20 03:00:00,3.067849871390562,0.6644213978830926,0.4545630407918484,1.9488654327156212,3
4,Kampong Lama,2024-03-20 04:00:00,3.1698127928849065,0.7221557277700406,0.42193359362500793,2.0257234714898615,4
4,Kampong Lama,2024-03-20 05:00:00,3.2090033538413287,0.7389553149789876,0.41913951100020874,2.050908527862127,5
4,Kampong Lama,2024-03-20 06:00:00,3.2023231725905745,0.6799956675074768,0.482680206390274,2.0396472986928185,6
4,Kampong Lama,2024-03-20 07:00:00,3.2029176101472956,0.6312197081048794,0.5329150022029943,2.03878289983939,7
4,Kampong Lama,2024-03-20 08:00:00,3.222111202231588,0.6873673093101615,0.4828851748668761,2.0518587180545182,8
4,Kampong Lama,2024-03-20 09:00:00,3.328092992508971,0.6251726990897168,0.5799726260891269,2.1229476673301235,9
4,Kampong Lama,2024-03-20 10:00:00,3.4953319389632043,0.6599091606308605,0.6051594991591855,2.230263279173073,10
4,Kampong Lama,2024-03-20 11:00:00,3.5829042560397966,0.8866812421933616,0.41282870881636313,2.2833943050301286,11
4,Kampong Lama,2024-03-20 12:00:00,3.6055272818315416,0.9034593307156342,0.4059189195908175,2.2961490315251467,12
4,Kampong Lama,2024-03-20 13:00:00,3.618955364387034,1.049678809184428,0.2653927001521623,2.303883855050401,13
4,Kampong Lama,2024-03-20 14:00:00,3.58357545631236,1.1337865391741673,0.14368090236583342,2.306108014772292,14
4,Kampong Lama,2024-03-20 15:00:00,3.5110408756670495,0.9418529861373202,0.3283690533772514,2.2408188361525845,15
4,Kampong Lama,2024-03-20 16:00:00,3.4332378852001,0.9311918841279976,0.2566316525656056,2.2454143485065146,16
4,Kampong Lama,2024-03-20 17:00:00,3.3800647003445903,1.104718320981462,0.0892039727286793,2.18614240663444,17
4,Kampong Lama,2024-03-20 18:00:00,3.338092130766813,1.1578653715825453,0.055519366110974744,2.124707393073294,18
4,Kampong Lama,2024-03-20 19:00:00,3.2690343588643227,1.132244046806722,0.04921234681965814,2.087577965237948,19
4,Kampong Lama,2024-03-20 20:00:00,3.2254914813481186,1.014382677119702,0.05807368797879864,2.153035116249626,20
4,Kampong Lama,2024-03-20 21:00:00,3.189339110482443,0.9383448794958724,0.18344817196783314,2.0675460590187527,21
4,Kampong Lama,2024-03-20 22:00:00,3.1026959912990417,0.7508452360150457,0.37336349525803314,1.9784872600259646,22
4,Kampong Lama,2024-03-20 23:00:00,3.006640214296633,0.6411036151893654,0.4619135320300174,1.9036230670772625,23
4,Kampong Lama,2024-03-21 00:00:00,2.938025366577806,0.6444192937760427,0.4361570027464783,1.8574490700552886,0
4,Kampong Lama,2024-03-21 01:00:00,2.9016815741428346,0.6557687416286768,0.4083437045535945,1.8375691279605633,1
4,Kampong Lama,2024-03-21 02:00:00,2.88206429812041,0.6749392884899024,0.37846312539113125,1.8286618842393736,2
4,Kampong Lama,2024-03-21 03:00:00,2.851023392834458,0.7037660295991941,0.337309650076719,1.809947713158543,3
4,Kampong Lama,2024-03-21 04:00:00,2.8618680024945977,0.743610540015041,0.29910462540195315,1.8191528370776027,4
4,Kampong Lama,2024-03-21 05:00:00,2.9473075579814383,0.7866367570020145,0.2792188972314271,1.881451903747994,5
4,Kampong Lama,2024-03-21 06:00:00,3.0237426246072587,0.8442820507165578,0.26838225454089315,1.9110783193498087,6
4,Kampong Lama,2024-03-21 07:00:00,3.0981690620804727,0.8848692907560292,0.2418500370720018,1.9714497342524453,7
4,Kampong Lama,2024-03-21 08:00:00,3.216092666401721,0.9838087061998806,0.18139999743429058,2.0508839627674718,8
4,Kampong Lama,2024-03-21 09:00:00,3.3846630822573616,1.1823548473411734,0.040400181578784,2.16190805333747,9
4,Kampong Lama,2024-03-21 10:00:00,3.5623898356523114,1.3280700752197845,-0.044371875219876955,2.2786916356523648,10
4,Kampong Lama,2024-03-21 11:00:00,3.6452361170402128,1.3952557733257436,-0.0779631884792984,2.3279435321936717,11
4,Kampong Lama,2024-03-21 12:00:00,3.617032432304086,1.4390873413895235,-0.10531669786463738,2.2832617887792708,12
4,Kampong Lama,2024-03-21 13:00:00,3.5448135105635856,1.2526262201016607,0.03803967292269661,2.254147617539161,13
4,Kampong Lama,2024-03-21 14:00:00,3.4663354554960506,0.8640985147721949,0.3568633038926947,2.24537363683109,14
4,Kampong Lama,2024-03-21 15:00:00,3.3417110171060926,0.8093714930112696,0.40846701010999453,2.123872513984736,15
4,Kampong Lama,2024-03-21 16:00:00,3.2012095120201423,0.6829331057299584,0.4860278060810792,2.0322486002091296,16
4,Kampong Lama,2024-03-21 17:00:00,3.100531657315244,0.21946587446020516,0.8455058599736489,2.0355599228814096,17
4,Kampong Lama,2024-03-21 18:00:00,2.9932021602031327,-0.0944518238793961,1.1652837046567726,1.9223702794257491,18
4,Kampong Lama,2024-03-21 19:00:00,2.8623325461299878,-0.1721461889419187,1.208255144269291,1.8262235908026057,19
4,Kampong Lama,2024-03-21 20:00:00,2.7823310550181723,-0.03743306206668251,1.035723470240395,1.7840406468444527,20
4,Kampong Lama,2024-03-21 21:00:00,2.7417308092304538,0.005238712288322844,0.9881530138796961,1.748339083062433,21
4,Kampong Lama,2024-03-21 22:00:00,2.6817827424241747,-0.09377311860646564,1.0741229404904047,1.7014329205402348,22
4,Kampong Lama,2024-03-21 23:00:00,2.642426365408711,0.017705271711021098,0.9531334841997108,1.6715876094979762,23
4,Kampong Lama,2024-03-22 00:00:00,2.634100078939139,0.21888124851910717,0.7464327368027117,1.668786093617328,0
4,Kampong Lama,2024-03-22 01:00:00,2.6390790138046265,0.3606287556063599,0.6016964659237924,1.676753792274468,1
4,Kampong Lama,2024-03-22 02:00:00,2.6347573396331203,0.4476412764526785,0.5111470006407401,1.675969062539707,2
4,Kampong Lama,2024-03-22 03:00:00,2.635602488931914,0.4459315017068839,0.5127724852233388,1.6768985020016842,3
4,Kampong Lama,2024-03-22 04:00:00,2.6591894642402716,0.18861728942938072,0.7763158657961942,1.6942563090146905,4
4,Kampong Lama,2024-03-22 05:00:00,2.66090810295393,-0.11542051224985705,1.0815957191428538,1.6947328960609411,5
4,Kampong Lama,2024-03-22 06:00:00,2.6805964487085525,-0.25281485487826316,1.2257690935783394,1.7076422100084727,6
4,Kampong Lama,2024-03-22 07:00:00,2.770572971205226,-0.449044061678066,1.4520662979031655,1.767550734980155,7
4,Kampong Lama,2024-03-22 08:00:00,2.8730210848459024,-0.5003306405401275,1.5412642475537552,1.8320874778323173,8
4,Kampong Lama,2024-03-22 09:00:00,3.000521270421757,-0.23615442872949188,1.3222728183772432,1.9144028807740199,9
4,Kampong Lama,2024-03-22 10:00:00,3.1521308233578793,0.6675132133437103,0.6769935686740922,1.8076240413400342,10
4,Kampong Lama,2024-03-22 11:00:00,3.244677994613312,1.28802103475806,-0.07715372628502237,2.0338106861403276,11
4,Kampong Lama,2024-03-22 12:00:00,3.2386674948490963,1.5687793977669173,-0.39048424398454173,2.0603723410667385,12
4,Kampong Lama,2024-03-22 13:00:00,3.095690066632585,-1.4588009244811673,2.5962210347219923,1.958269956391689,13
4,Kampong Lama,2024-03-22 14:00:00,2.9607885766686763,-3.277206457717611,4.167803941286593,2.0701910930996803,14
4,Kampong Lama,2024-03-22 15:00:00,2.9858905259655444,-2.133208473165354,2.783085813137845,2.3360131859930675,15
4,Kampong Lama,2024-03-22 16:00:00,2.9994351462925124,-1.0917246355779042,2.2232536848122777,1.8679060970581247,16
4,Kampong Lama,2024-03-22 17:00:00,2.913790582952629,-0.9502693207825921,2.0174481232372656,1.8466117804979452,17
4,Kampong Lama,2024-03-22 18:00:00,2.873571196348892,-0.5760854639123822,1.4981727280361739,1.9514839322250914,18
4,Kampong Lama,2024-03-22 19:00:00,2.870861228128507,-0.3005481810465209,1.2634070769947208,1.9080023321803026,19
4,Kampong Lama,2024-03-22 20:00:00,2.79936598773265,-0.2587806907875203,1.2233606353512911,1.8347860431688758,20
4,Kampong Lama,2024-03-22 21:00:00,2.7172677657699635,-0.24413591299614446,1.217219593139621,1.7441840856264932,21
4,Kampong Lama,2024-03-22 22:00:00,2.671375053842774,-0.1455416827300553,1.1174003106133306,1.6995164259595015,22
4,Kampong Lama,2024-03-22 23:00:00,2.6469173291241885,-0.77667255927264,1.741244064830262,1.6823458235665711,23
4,Kampong Lama,2024-03-23 00:00:00,2.6331565713779597,-1.0609874756204754,2.0195294818876803,1.6746145651107511,0
4,Kampong Lama,2024-03-23 01:00:00,2.60741969424926,-0.8945709242947171,1.8444935838577123,1.6574970346862585,1
4,Kampong Lama,2024-03-23 02:00:00,2.544439853958447,-0.48395122325355455,1.4136680875413816,1.614722989670625,2
4,Kampong Lama,2024-03-23 03:00:00,2.4519505328559927,-0.14730198550083173,1.0489590081018036,1.5502935102550168,3
4,Kampong Lama,2024-03-23 04:00:00,2.427180175536665,0.11131314443257523,0.7785236848787402,1.5373433462253558,4
4,Kampong Lama,2024-03-23 05:00:00,2.482296374867255,0.28205633898707916,0.6185520933299937,1.5816879425501753,5
4,Kampong Lama,2024-03-23 06:00:00,2.5573992268930787,0.3149151567193442,0.6095942932655394,1.6328897769082058,6
4,Kampong Lama,2024-03-23 07:00:00,2.6544978898759695,0.288157829934633,0.6714003967944748,1.6949396631468545,7
4,Kampong Lama,2024-03-23 08:00:00,2.7460165939721435,0.30083502351453717,0.6938628091823063,1.7513187612753711,8
4,Kampong Lama,2024-03-23 09:00:00,2.887208797234848,0.34190663760882956,0.7017943118831305,1.843507847742842,9
4,Kampong Lama,2024-03-23 10:00:00,3.1093888519870916,0.508908315756571,0.6139678376792368,1.986512698551394,10
4,Kampong Lama,2024-03-23 11:00:00,3.212127349066918,0.7385032992578431,0.4272272125565735,2.0463968372524732,11
4,Kampong Lama,2024-03-23 12:00:00,3.1860518331119465,0.6062440026845763,0.6257730877012087,1.9540347427261509,12
4,Kampong Lama,2024-03-23 13:00:00,3.2058726958766783,0.027818712706192628,1.1308967538322694,2.0471572293383247,13
4,Kampong Lama,2024-03-23 14:00:00,3.2234261151298256,0.17740601001651157,0.9938961140742375,2.052123991039167,14
4,Kampong Lama,2024-03-23 15:00:00,3.18855747897328,0.4394604394227315,0.853236580579054,1.895860458971498,15
4,Kampong Lama,2024-03-23 16:00:00,3.1644332980587535,0.43630252465693786,0.7330260218533358,1.9951047515484959,16
4,Kampong Lama,2024-03-23 17:00:00,3.130630475435865,0.49999523051189954,0.6262201019392348,2.004415142984712,17
4,Kampong Lama,2024-03-23 18:00:00,3.0393206066030345,0.5993987804865242,0.5134883501035699,1.9264334760129422,18
4,Kampong Lama,2024-03-23 19:00:00,2.8809158263133323,0.46719180713286335,0.5871402321036872,1.8265837870767925,19
4,Kampong Lama,2024-03-23 20:00:00,2.713837577471936,-0.102122904886909,1.095806908455856,1.7201535739029907,20
4,Kampong Lama,2024-03-23 21:00:00,2.614974650941159,-0.2688285421613337,1.230395037196434,1.6534081559060638,21
4,Kampong Lama,2024-03-23 22:00:00,2.5597115201031437,-0.06100959866838451,1.001174481166462,1.619546637605069,22
4,Kampong Lama,2024-03-23 23:00:00,2.52843322789228,0.22715675985336503,0.698602395834877,1.6026740722040387,23
4,Kampong Lama,2024-03-24 00:00:00,2.5145997359513284,0.35624027830525407,0.5615303769486228,1.5968290806974608,0
4,Kampong Lama,2024-03-24 01:00:00,2.486278922460258,0.39910385959336736,0.5083056707248161,1.5788693921420816,1
4,Kampong Lama,2024-03-24 02:00:00,2.4781514975373615,0.369007181936265,0.5347736544313495,1.5743706611697519,2
4,Kampong Lama,2024-03-24 03:00:00,2.5070551806684165,0.30186231797153695,0.6086626799258426,1.5965301827710405,3
4,Kampong Lama,2024-03-24 04:00:00,2.5245137361627195,0.2352573843417609,0.6799654185198278,1.609290933301125,4
4,Kampong Lama,2024-03-24 05:00:00,2.5109914233476633,0.19667839928045439,0.7156496525500042,1.5986633715172047,5
4,Kampong Lama,2024-03-24 06:00:00,2.514258446036294,0.11191219406743613,0.8016825757557502,1.600663676213106,6
4,Kampong Lama,2024-03-24 07:00:00,2.5761158483822726,-0.08131930946594679,1.015094658766099,1.642340499082124,7
4,Kampong Lama,2024-03-24 08:00:00,2.6705197921439208,-0.2675497420337507,1.2349575317536505,1.7031120024239783,8
4,Kampong Lama,2024-03-24 09:00:00,2.8104325806448855,-0.4807132415753017,1.4968788041973795,1.7942670180227367,9
4,Kampong Lama,2024-03-24 10:00:00,2.949195872405994,-0.5225368518846096,1.5997558851139928,1.871976839176682,10
4,Kampong Lama,2024-03-24 11:00:00,3.0168691019530343,-0.14134534145262023,1.2950040121227389,1.863210431282937,11
4,Kampong Lama,2024-03-24 12:00:00,3.0323741992469877,0.44632357953972246,0.6601529192577686,1.9258977004493545,12
4,Kampong Lama,2024-03-24 13:00:00,2.9717250506125765,0.8112019576675209,0.27209992929456206,1.8884231636504296,13
4,Kampong Lama,2024-03-24 14:00:00,2.9088338566212997,-2.6261395428433616,3.6862653341072473,1.8487080653575276,14
4,Kampong Lama,2024-03-24 15:00:00,2.8987317239275967,-3.4203719553130796,4.525588497264778,1.7935151819759483,15
4,Kampong Lama,2024-03-24 16:00:00,2.8892571931179134,-1.2491813498560589,2.443650944812191,1.694787598161767,16
4,Kampong Lama,2024-03-24 17:00:00,2.875940498627031,-0.04336849522528041,1.1520943444646576,1.7672146493876717,17
4,Kampong Lama,2024-03-24 18:00:00,2.8163339062986106,-0.7803590590037024,1.7271270461392447,1.8695659191630796,18
4,Kampong Lama,2024-03-24 19:00:00,2.668527723167334,-0.9619327059263139,1.927819123873661,1.7026413052199914,19
4,Kampong Lama,2024-03-24 20:00:00,2.488374617358836,-0.346740175928943,1.2582392387174437,1.5768755545703286,20
4,Kampong Lama,2024-03-24 21:00:00,2.3959268614174434,0.06592711180005395,0.8147094662271854,1.5152902833902075,21
4,Kampong Lama,2024-03-24 22:00:00,2.3904151994767,0.26544768099764937,0.6079011734714665,1.517066345007585,22
4,Kampong Lama,2024-03-24 23:00:00,2.384736661787118,0.3289026102101893,0.5399674303276445,1.5158666212492804,23
4,Kampong Lama,2024-03-25 00:00:00,2.362370516450132,0.31180324688525474,0.5493149153736017,1.50125235419128,0
4,Kampong Lama,2024-03-25 01:00:00,2.332695214863804,0.3228559725560203,0.5285527067344926,1.4812865355732896,1
4,Kampong Lama,2024-03-25 02:00:00,2.0118185452009847,0.30376753816880964,0.4492247315967681,1.2588262754354034,2
4,Kampong Lama,2024-03-25 03:00:00,1.5163156307533836,0.22999204740367318,0.3734278505698443,0.9128957327798588,3
4,Kampong Lama,2024-03-25 04:00:00,1.220765931793745,0.1796308257846171,0.3187866669293129,0.7223484390798163,4
4,Kampong Lama,2024-03-25 05:00:00,1.064230015528484,0.10418067097668882,0.319654537111167,0.6403948074406358,5
4,Kampong Lama,2024-03-25 06:00:00,1.6964226325847385,0.03371195704133001,0.5651440914391372,1.097566584104264,6
4,Kampong Lama,2024-03-25 07:00:00,2.3510763129737455,-0.18706643389420208,1.0205410960582348,1.5176016508096808,7
4,Kampong Lama,2024-03-25 08:00:00,2.4777382441906752,-0.24396299006079403,1.1392882967209275,1.5824129375305347,8
4,Kampong Lama,2024-03-25 09:00:00,2.6767405088599503,0.016378978945795097,0.9481050886313298,1.7122564412828467,9
4,Kampong Lama,2024-03-25 10:00:00,3.031344362632524,0.27589580329347996,0.8142683634694663,1.9411801958694923,10
4,Kampong Lama,2024-03-25 11:00:00,3.3288327346592723,0.488816176841965,0.7126205588322208,2.1273959989850937,11
4,Kampong Lama,2024-03-25 12:00:00,3.5142109086491473,0.9078544096390431,0.4076024678637751,2.198754031146393,12
4,Kampong Lama,2024-03-25 13:00:00,3.659745708883861,0.4093779734592715,1.0849144161697026,2.165453319254766,13
4,Kampong Lama,2024-03-25 14:00:00,3.642213992792506,-0.1836489668465333,1.5105620403468762,2.315300919292156,14
4,Kampong Lama,2024-03-25 15:00:00,3.4107618113588387,0.1393254963097661,1.0709810042128947,2.200455310836219,15
4,Kampong Lama,2024-03-25 16:00:00,3.1661742646347193,0.5904252060800417,0.5669738983440418,2.0087751602106607,16
4,Kampong Lama,2024-03-25 17:00:00,3.0139340305680236,0.7924222506458847,0.30874338771951493,1.9127683922026613,17
4,Kampong Lama,2024-03-25 18:00:00,2.8594908340639194,0.8297284760435346,0.21757256752826137,1.812189790492134,18
4,Kampong Lama,2024-03-25 19:00:00,2.687061131008579,0.7376646217845,0.2505539579885623,1.698842551235522,19
4,Kampong Lama,2024-03-25 20:00:00,2.5761905787309507,0.6166546029736928,0.33186125819643664,1.6276747175608222,20
4,Kampong Lama,2024-03-25 21:00:00,2.524771164031825,0.5540872827404257,0.3735396053052433,1.5971442759861603,21
4,Kampong Lama,2024-03-25 22:00:00,2.4433210960603615,0.5115461470256442,0.38707639608604794,1.544698552948681,22
4,Kampong Lama,2024-03-25 23:00:00,2.3505030195521583,0.4144327116260058,0.4527709070155588,1.4832994009105889,23
4,Kampong Lama,2024-03-26 00:00:00,2.322485275829171,0.2830856921476439,0.5706697309882696,1.468729852693265,0
4,Kampong Lama,2024-03-26 01:00:00,2.3533395965116153,0.24359700198398926,0.6139614054372089,1.4957811890904154,1
4,Kampong Lama,2024-03-26 02:00:00,2.4024051584141466,0.24800379103028902,0.6219037170999258,1.5324976502839291,2
4,Kampong Lama,2024-03-26 03:00:00,2.441937328855558,0.15879373987919365,0.7241987933203333,1.558944795656032,3
4,Kampong Lama,2024-03-26 04:00:00,2.4300829572633424,0.014264022450628744,0.8679394139627803,1.547879520849932,4
4,Kampong Lama,2024-03-26 05:00:00,2.390244760831153,-0.09021006143109034,0.9627926843050894,1.5176621379571564,5
4,Kampong Lama,2024-03-26 06:00:00,2.391544179010779,-0.18147411442344108,1.0515649104141431,1.5214533830200816,6
4,Kampong Lama,2024-03-26 07:00:00,2.4469054686528864,-0.35355208241596614,1.2407262134261998,1.5597313376426456,7
4,Kampong Lama,2024-03-26 08:00:00,2.4823091724132382,-0.38097873567227225,1.2826325030401549,1.5806554050454054,8
4,Kampong Lama,2024-03-26 09:00:00,2.5439541037116555,-0.35862100385051576,1.28024707288494,1.622328034677139,9
4,Kampong Lama,2024-03-26 10:00:00,2.7023257015765694,-0.24223309662079373,1.218613755777369,1.725945042419994,10
4,Kampong Lama,2024-03-26 11:00:00,2.819502884377698,0.27479101392202665,0.746338613085662,1.7983732573700308,11
4,Kampong Lama,2024-03-26 12:00:00,2.929063541136202,0.6514358923940335,0.4077671120206787,1.8698605367215464,12
4,Kampong Lama,2024-03-26 13:00:00,3.1175194927953953,0.8108454961248412,0.31410734164621346,1.9925666550243477,13
4,Kampong Lama,2024-03-26 14:00:00,3.1902622876092437,0.6836477950734263,0.4266688505018763,2.0799456420339197,14
4,Kampong Lama,2024-03-26 15:00:00,3.058030294210141,0.1079740854056297,0.9535972032824631,1.9964590055220128,15
4,Kampong Lama,2024-03-26 16:00:00,2.9680522338552464,-0.29399855509601025,1.415486688627034,1.8465641003242723,16
4,Kampong Lama,2024-03-26 17:00:00,3.014837582473902,-0.15056244112152228,1.2840824210810666,1.8813176025143505,17
4,Kampong Lama,2024-03-26 18:00:00,2.9716974995298457,0.0970449077162705,0.9893787491206147,1.8852738426929605,18
4,Kampong Lama,2024-03-26 19:00:00,2.8210114302127485,0.0961619151498958,0.9385400121335721,1.7863095029292708,19
4,Kampong Lama,2024-03-26 20:00:00,2.722357054111982,0.01234829782888447,0.9874733666871052,1.722535389595997,20
4,Kampong Lama,2024-03-26 21:00:00,2.6681190195869595,0.08163309272284103,0.8974635715599923,1.6890223553041253,21
4,Kampong Lama,2024-03-26 22:00:00,2.6007201337743515,0.09294560538969243,0.8615757999017077,1.6461987284829576,22
4,Kampong Lama,2024-03-26 23:00:00,2.5339195000703345,0.01081607967011422,0.9201320557313544,1.6029713646688677,23
4,Kampong Lama,2024-03-27 00:00:00,2.486840654526295,0.08589131284989193,0.8284942361381678,1.572455105538232,0
4,Kampong Lama,2024-03-27 01:00:00,2.476380460335588,0.22597363359213674,0.6821850779784153,1.5682217487650405,1
4,Kampong Lama,2024-03-27 02:00:00,2.49062195657922,0.28154868771167685,0.62615046383916,1.5829228050283817,2
4,Kampong Lama,2024-03-27 03:00:00,2.4881445747902506,0.22761691167628229,0.6774148764878998,1.5831127866260601,3
4,Kampong Lama,2024-03-27 04:00:00,2.479547549618129,0.08155958979895317,0.821557728239279,1.5764302315798986,4
4,Kampong Lama,2024-03-27 05:00:00,2.478362607420806,-0.08397209002050054,0.9793501116193006,1.5829845858220182,5
4,Kampong Lama,2024-03-27 06:00:00,2.496071923154524,-0.15894230916762098,1.1070793959306933,1.547934836391443,6
4,Kampong Lama,2024-03-27 07:00:00,2.5525283707305277,0.1885860078835151,0.7459642440437939,1.6179781188032294,7
4,Kampong Lama,2024-03-27 08:00:00,2.6435275565529537,1.362102966295481,-0.404430751275477,1.6858553415328572,8
4,Kampong Lama,2024-03-27 09:00:00,2.852806087877468,0.9847457937404442,-0.055690916317999495,1.923751210455066,9
4,Kampong Lama,2024-03-27 10:00:00,3.1741130114522775,-0.2727006662568954,1.344249645343389,2.1025640323657626,10
4,Kampong Lama,2024-03-27 11:00:00,3.3848266454859868,0.18941944534378763,1.0297444277027026,2.1656627724393616,11
4,Kampong Lama,2024-03-27 12:00:00,3.4100176794606796,0.6287599164103312,0.607687735764781,2.17357002728545,12
4,Kampong Lama,2024-03-27 13:00:00,3.344124027591306,0.7831760592118258,0.4352747045380454,2.1256732638414633,13
4,Kampong Lama,2024-03-27 14:00:00,3.263122014779981,0.6654023791348322,0.5252298258927901,2.0724898097523123,14
4,Kampong Lama,2024-03-27 15:00:00,3.2040389339962303,-0.15865570565946996,1.2714970893772133,2.0911975502785083,15
4,Kampong Lama,2024-03-27 16:00:00,3.1470371975261457,-2.5729667921350536,3.7170021594678815,2.0030018301932984,16
4,Kampong Lama,2024-03-27 17:00:00,3.040659466261033,-2.2061807184482003,3.315431511418666,1.9314086732905675,17
4,Kampong Lama,2024-03-27 18:00:00,2.91696318415977,-0.626547671460425,1.6559259986581054,1.8875848569620892,18
4,Kampong Lama,2024-03-27 19:00:00,2.7698966640945724,-0.18103520448890453,1.2124706490080541,1.7384612195754272,19
4,Kampong Lama,2024-03-27 20:00:00,2.61365973260508,-0.3356562704941215,1.304091588371918,1.6452244147272808,20
4,Kampong Lama,2024-03-27 21:00:00,2.556772956929067,-0.2254456914725136,1.1680116230041904,1.614207025397377,21
4,Kampong Lama,2024-03-27 22:00:00,2.5282272929581477,-0.1599579949077441,1.0867117278602123,1.6014735600056795,22
4,Kampong Lama,2024-03-27 23:00:00,2.461164114692254,-0.06455950383094766,0.9680283233136251,1.5576952952095766,23
4,Kampong Lama,2024-03-28 00:00:00,2.425532997603612,0.13648037180092842,0.7523143196615969,1.536738306141089,0
4,Kampong Lama,2024-03-28 01:00:00,2.424767017626149,0.2976804783245548,0.5871931319844776,1.5398934073171162,1
4,Kampong Lama,2024-03-28 02:00:00,2.4964622556616733,0.3709136625075189,0.5336771550843409,1.5918714380698162,2
4,Kampong Lama,2024-03-28 03:00:00,2.615689423651407,0.39648442502696213,0.5425656908956178,1.67663930772882,3
4,Kampong Lama,2024-03-28 04:00:00,2.6220611139497976,0.3560031376317241,0.588836895912296,1.6772210804057721,4
4,Kampong Lama,2024-03-28 05:00:00,2.5911929376284784,0.24801458015224043,0.6934479134264535,1.6497304440497942,5
4,Kampong Lama,2024-03-28 06:00:00,2.671342037952442,0.06722017160968008,0.8993405225331905,1.7047813438095645,6
4,Kampong Lama,2024-03-28 07:00:00,2.752751650448573,-0.4236256007134003,1.4212388427199443,1.7551384084420363,7
4,Kampong Lama,2024-03-28 08:00:00,2.697930448171803,-0.6696966901279637,1.6534901328926566,1.714137005407082,8
4,Kampong Lama,2024-03-28 09:00:00,2.655273926580321,0.020928382511726795,0.9450580703176001,1.6892874737509374,9
4,Kampong Lama,2024-03-28 10:00:00,2.7518877805828765,0.7575681704940394,0.23840143364999733,1.755918176438854,10
4,Kampong Lama,2024-03-28 11:00:00,2.825016194547402,1.0772952159744023,-0.052931059505567646,1.8006520380786242,11
4,Kampong Lama,2024-03-28 12:00:00,2.8690350934766684,1.3977198257097143,-0.24857040552885223,1.719885673295721,12
4,Kampong Lama,2024-03-28 13:00:00,2.9552642558030584,1.507702753686857,-0.3481527295778335,1.7957142316940349,13
4,Kampong Lama,2024-03-28 14:00:00,2.991984046892753,-2.047767820404374,3.042113086761958,1.9976387805352829,14
4,Kampong Lama,2024-03-28 15:00:00,2.9448867267157652,-2.768585877552429,3.660581934968377,2.0528906692998135,15
4,Kampong Lama,2024-03-28 16:00:00,2.8686249135642754,-0.6602657788250426,1.469489509527662,2.0594011828616914,16
4,Kampong Lama,2024-03-28 17:00:00,2.834515706112313,0.42779258150868316,0.5744600421878339,1.8322630824158086,17
4,Kampong Lama,2024-03-28 18:00:00,2.785648999721589,-0.3251594910376525,1.2273613355714694,1.883447155187767,18
4,Kampong Lama,2024-03-28 19:00:00,2.643845360434895,-0.47997970000867296,1.4419434988561513,1.68188156158741,19
4,Kampong Lama,2024-03-28 20:00:00,2.49778190349296,-0.25859515357860907,1.1720871497960736,1.5842899072754975,20
4,Kampong Lama,2024-03-28 21:00:00,2.4280128306813276,-0.003251336245575942,0.894761855306939,1.5365023116199623,21
4,Kampong Lama,2024-03-28 22:00:00,2.4074443946400566,0.2370295507291722,0.6452280308231568,1.5251868130877284,22
4,Kampong Lama,2024-03-28 23:00:00,2.4035855880122625,0.2608287284640056,0.6167831723345198,1.5259736872137424,23
4,Kampong Lama,2024-03-29 00:00:00,2.41096780496796,0.07190530470742829,0.8053926950173249,1.533669805243207,0
4,Kampong Lama,2024-03-29 01:00:00,2.416267006636722,-0.04874091192903229,0.9270641063787188,1.5379438121870237,1
4,Kampong Lama,2024-03-29 02:00:00,2.4300602424235374,-0.07206393566849201,0.9544160475814643,1.5477081305105713,2
4,Kampong Lama,2024-03-29 03:00:00,2.4621254383257405,-0.06773979386687223,0.9597910035087764,1.5700742286838363,3
4,Kampong Lama,2024-03-29 04:00:00,2.5246516299323916,-0.022737994367352243,0.9343432336828172,1.6130463906169226,4
4,Kampong Lama,2024-03-29 05:00:00,2.5875796041796666,0.03372308566594384,0.8984866956658326,1.655369822847895,5
4,Kampong Lama,2024-03-29 06:00:00,2.632223151701627,0.2483416579030404,0.7510350333906715,1.6328464604079116,6
4,Kampong Lama,2024-03-29 07:00:00,2.7308905537370407,0.3072800076611131,0.6989120613151201,1.724698484760836,7
4,Kampong Lama,2024-03-29 08:00:00,2.8111682647684972,0.46115482255268603,0.5590188409555523,1.7909946012602802,8
4,Kampong Lama,2024-03-29 09:00:00,2.865551424040518,1.173383981057782,-0.13451887056753264,1.8266863135502263,9
4,Kampong Lama,2024-03-29 10:00:00,2.996566579548926,1.8908558402843596,-0.8061709266419399,1.911881665906492,10
4,Kampong Lama,2024-03-29 11:00:00,3.0380380507020845,1.9123414618319714,-0.7144256002862193,1.8401221891563182,11
4,Kampong Lama,2024-03-29 12:00:00,2.9875636914780443,1.464046852821241,-0.2890759406141541,1.8125927792709717,12
4,Kampong Lama,2024-03-29 13:00:00,2.9945787348236763,0.856868366088321,0.2327614928892885,1.904948875846003,13
4,Kampong Lama,2024-03-29 14:00:00,3.047177838065295,0.6704687461975709,0.4348729332974415,1.9418361585702542,14
4,Kampong Lama,2024-03-29 15:00:00,3.0984099967641896,0.7537091233800766,0.37079980074951635,1.9739010726345612,15
4,Kampong Lama,2024-03-29 16:00:00,3.0834735033902803,0.9956681800106111,0.12623946396202612,1.9615658594177035,16
4,Kampong Lama,2024-03-29 17:00:00,3.0562033095373664,0.9020494368862231,0.20981555898857351,1.9443383136625716,17
4,Kampong Lama,2024-03-29 18:00:00,3.0156510397906278,0.42192710371799436,0.6768927403902758,1.916831195682363,18
4,Kampong Lama,2024-03-29 19:00:00,2.8882251397429677,0.5561023843187556,0.5526829085405005,1.7794398468837116,19
4,Kampong Lama,2024-03-29 20:00:00,2.794238021806292,0.5506918512740064,0.5050409131738682,1.738505257358419,20
4,Kampong Lama,2024-03-29 21:00:00,2.7671097506543525,0.445530150445002,0.5744384430715854,1.7471411571377615,21
4,Kampong Lama,2024-03-29 22:00:00,2.6961164041552044,0.34633608128787685,0.6420251586714585,1.7077551641958664,22
4,Kampong Lama,2024-03-29 23:00:00,2.605608935816681,0.35100076120179935,0.607875795603249,1.6467323790116382,23
4,Kampong Lama,2024-03-30 00:00:00,2.58409322586707,0.41810562865158474,0.5298923629838299,1.6360952342316608,0
4,Kampong Lama,2024-03-30 01:00:00,2.605255883456282,0.4990631327171471,0.44959101058530493,1.6566017401538247,1
4,Kampong Lama,2024-03-30 02:00:00,2.636851377159135,0.5791799304969381,0.3774065524113439,1.680264894250854,2
4,Kampong Lama,2024-03-30 03:00:00,2.714800740225119,0.6433707992577986,0.3364003801193105,1.7350295608480124,3
4,Kampong Lama,2024-03-30 04:00:00,2.7838267068063507,0.6696751023838914,0.33175108668430564,1.7824005177381537,4
4,Kampong Lama,2024-03-30 05:00:00,2.8180079311063557,0.6981089819996242,0.3172342773226191,1.8026646717841146,5
4,Kampong Lama,2024-03-30 06:00:00,2.85714714521783,1.1419463119720064,-0.06525521333227147,1.780456046578093,6
4,Kampong Lama,2024-03-30 07:00:00,2.897142252045512,1.6403410995780803,-0.577886752118701,1.8346879045861328,7
4,Kampong Lama,2024-03-30 08:00:00,2.924843570787573,1.9109339252315891,-0.8485959166939949,1.862505562249936,8
4,Kampong Lama,2024-03-30 09:00:00,3.0359663775427066,1.6894795431707905,-0.5909897248030873,1.9374765591750247,9
4,Kampong Lama,2024-03-30 10:00:00,3.216702074645468,1.2238553929487068,-0.06082442152347767,2.0536711032202675,10
4,Kampong Lama,2024-03-30 11:00:00,3.2833575130148347,1.0491389958691002,0.1805369135288757,2.0536816036168943,11
4,Kampong Lama,2024-03-30 12:00:00,3.2475726982667084,0.932203343285039,0.2530534691134818,2.0623158858682586,12
4,Kampong Lama,2024-03-30 13:00:00,3.1740144384204996,0.48914931126822125,0.6681104209089597,2.0167547062433187,13
4,Kampong Lama,2024-03-30 14:00:00,3.0925703831750297,-0.3810435155354952,1.5081900813038374,1.965423817406645,14
4,Kampong Lama,2024-03-30 15:00:00,3.0936552213072446,-0.7533254211845701,1.8771487731832934,1.9698318693084218,15
4,Kampong Lama,2024-03-30 16:00:00,3.121040455597182,-0.39336814004190046,1.3725118930346198,2.1418967026044697,16
4,Kampong Lama,2024-03-30 17:00:00,3.0918738868467273,0.21169288150405663,0.9577150997666308,1.9224659055760434,17
4,Kampong Lama,2024-03-30 18:00:00,3.0349092732919942,0.017856678255160574,0.8721677461226385,2.144884848914188,18
4,Kampong Lama,2024-03-30 19:00:00,2.9421609422697674,0.4059040156355209,0.6300416071162918,1.9062153195179548,19
4,Kampong Lama,2024-03-30 20:00:00,2.8467676394472985,0.4903381301473999,0.5930491549920713,1.7633803543078201,20
4,Kampong Lama,2024-03-30 21:00:00,2.8386419314971647,0.1842524717493852,0.8448027055296947,1.8095867542180812,21
4,Kampong Lama,2024-03-30 22:00:00,2.8557961932792946,-0.1447599272443041,1.171189227241566,1.8293668932820353,22
4,Kampong Lama,2024-03-30 23:00:00,2.7743172373931113,-0.18392957016770062,1.1945167200566829,1.763730087504122,23
4,Kampong Lama,2024-03-31 00:00:00,2.665331738616689,0.03601936375193482,0.944659327334957,1.6846530475297925,0
4,Kampong Lama,2024-03-31 01:00:00,2.617394182010103,0.28569437222097704,0.6764629575351115,1.6552368522540277,1
4,Kampong Lama,2024-03-31 02:00:00,2.592990033702133,0.4164529707234266,0.532703502048328,1.643833560930382,2
4,Kampong Lama,2024-03-31 03:00:00,2.584270663973917,0.5040143761616775,0.43910474822546597,1.6411515395867653,3
4,Kampong Lama,2024-03-31 04:00:00,2.6041191701366397,0.5749397528813525,0.3725165631693983,1.6566628540858943,4
4,Kampong Lama,2024-03-31 05:00:00,2.6496397875631086,0.6171057132229656,0.34254108034953923,1.6899929939906002,5
4,Kampong Lama,2024-03-31 06:00:00,2.71508181584268,1.0438752504762192,-0.06114989284839112,1.7323564582148476,6
4,Kampong Lama,2024-03-31 07:00:00,2.824251327535194,1.5932687315329588,-0.5199109318444144,1.7508935278466424,7
4,Kampong Lama,2024-03-31 08:00:00,2.94071171673221,1.941649474271344,-0.9100706319173,1.9091328743781162,8
4,Kampong Lama,2024-03-31 09:00:00,3.090475319551615,2.0851328527426176,-0.9754342695480496,1.9807767363570292,9
4,Kampong Lama,2024-03-31 10:00:00,3.3044406608944428,1.873086840969819,-0.6795401222308577,2.110893942155485,10
4,Kampong Lama,2024-03-31 11:00:00,3.4310416778623676,1.600790496595863,-0.3579144439572701,2.18816562522386,11
4,Kampong Lama,2024-03-31 12:00:00,3.458081552486192,1.4911377788195068,-0.23559169506660282,2.2025354687334016,12
4,Kampong Lama,2024-03-31 13:00:00,3.4772395028161327,1.3537686208517243,-0.09060051705152361,2.2140713990160066,13
4,Kampong Lama,2024-03-31 14:00:00,3.4455458000843464,1.2775516926457158,-0.02324049618858126,2.1912346036270947,14
4,Kampong Lama,2024-03-31 15:00:00,3.318217639393538,0.0535879285319254,1.1571797683657437,2.107449942495805,15
4,Kampong Lama,2024-03-31 16:00:00,3.1733181163057225,-0.9570991156997053,2.019187828149313,2.1112294038561004,16
4,Kampong Lama,2024-03-31 17:00:00,3.1067402451948993,-0.1029276732316653,1.2829954143866829,1.9266725040398711,17
4,Kampong Lama,2024-03-31 18:00:00,3.0576593393936182,0.16887289319617693,0.9486775341292066,1.9401089120682293,18
4,Kampong Lama,2024-03-31 19:00:00,2.9279810907429233,0.4688390382284169,0.6306305031273798,1.8285115493871302,19
4,Kampong Lama,2024-03-31 20:00:00,2.78158878805462,0.5803144108220728,0.4872235608959823,1.7140508163365737,20
4,Kampong Lama,2024-03-31 21:00:00,2.6953696316009506,0.6184057031845214,0.3953113040905878,1.6816526243258423,21
4,Kampong Lama,2024-03-31 22:00:00,2.651705602071874,0.6387605906554334,0.34347700999992714,1.6694680014165186,22
4,Kampong Lama,2024-03-31 23:00:00,2.641524157764435,0.6823030523495994,0.2867332718326647,1.6724878335821671,23
4,Kampong Lama,2024-04-01 00:00:00,2.645917027207937,0.7301876484212535,0.23472994456776508,1.6809994342189114,0
4,Kampong Lama,2024-04-01 01:00:00,2.6381150895028167,0.7616699991798832,0.19880082526931897,1.6776442650536154,1
4,Kampong Lama,2024-04-01 02:00:00,2.612955307363168,0.7578567350258076,0.19433973878037314,1.66075883355699,2
4,Kampong Lama,2024-04-01 03:00:00,2.5725624206822992,0.6777583669352403,0.2616742976106581,1.6331297561363982,3
4,Kampong Lama,2024-04-01 04:00:00,2.5348541239055242,0.5390998058543097,0.3876726811526865,1.6080816368985253,4
4,Kampong Lama,2024-04-01 05:00:00,2.521130714948202,0.41845989918682136,0.5017348972302962,1.600935918531082,5
4,Kampong Lama,2024-04-01 06:00:00,2.5682979180991268,0.6087198698399234,0.3226477333812312,1.6369303148779757,6
4,Kampong Lama,2024-04-01 07:00:00,2.65972856376402,0.7498589123994961,0.21852211723621195,1.6913475341282833,7
4,Kampong Lama,2024-04-01 08:00:00,2.686329371324973,1.0789240059891085,-0.054727676805526926,1.6621330421413916,8
4,Kampong Lama,2024-04-01 09:00:00,2.696647612388631,1.5843313363800462,-0.5660539496850703,1.6783702256936408,9
4,Kampong Lama,2024-04-01 10:00:00,2.7850799965262922,1.7439681512977074,-0.7906750100509967,1.8317868552795744,10
4,Kampong Lama,2024-04-01 11:00:00,2.8348163953407948,1.5110268084006009,-0.5162512271697182,1.8400408141098978,11
4,Kampong Lama,2024-04-01 12:00:00,2.83629608195713,1.1456512452658671,-0.23197804439819691,1.9226228810894668,12
4,Kampong Lama,2024-04-01 13:00:00,2.857721304106576,1.910179064149844,-1.0257702170684198,1.973312457025088,13
4,Kampong Lama,2024-04-01 14:00:00,2.8181460153955413,3.2762730798393136,-2.970257520002317,2.5121304555585766,14
4,Kampong Lama,2024-04-01 15:00:00,2.735697019203883,4.424552103637751,-3.3553062528581776,1.6664511684242882,15
4,Kampong Lama,2024-04-01 16:00:00,2.717571762020242,3.126743585988123,-2.225197781392229,1.8160259574243725,16
4,Kampong Lama,2024-04-01 17:00:00,2.740664259886927,1.4987713045572377,-0.7732839662823956,2.0151769216121007,17
4,Kampong Lama,2024-04-01 18:00:00,2.7573627020934204,0.056874152597227834,0.5119281844050683,2.1885603650911207,18
4,Kampong Lama,2024-04-01 19:00:00,2.7403854329628192,-0.3861768424212393,0.4611142349767938,2.665448040407263,19
4,Kampong Lama,2024-04-01 20:00:00,2.6786500729284564,0.16090511752295455,0.3686052830304387,2.149139672375064,20
4,Kampong Lama,2024-04-01 21:00:00,2.6048555769377693,0.604814281928828,0.15318861313589593,1.8468526818730524,21
4,Kampong Lama,2024-04-01 22:00:00,2.549214663969522,0.866459245974152,0.0012204235019819265,1.681534994493397,22
4,Kampong Lama,2024-04-01 23:00:00,2.5171941837119487,1.0159863405853145,-0.11467216790306356,1.6158800110296951,23
4,Kampong Lama,2024-04-02 00:00:00,2.490847934073647,1.0766901474488861,-0.17300420316122445,1.58716198978599,0
4,Kampong Lama,2024-04-02 01:00:00,2.4558132307871587,0.8191518847582593,0.07779381097959259,1.558867535049302,1
4,Kampong Lama,2024-04-02 02:00:00,2.4500754194544663,0.2679793716692398,0.6483732153059947,1.5337228324792278,2
4,Kampong Lama,2024-04-02 03:00:00,2.482588493762132,0.01851926119315017,0.9029194697292233,1.5611497628397615,3
4,Kampong Lama,2024-04-02 04:00:00,2.5098400389637567,0.14209905633678588,0.7721344432842407,1.5956065393427252,4
4,Kampong Lama,2024-04-02 05:00:00,2.5355084843424844,0.31023367589297735,0.6083052768096859,1.6169695316398318,5
4,Kampong Lama,2024-04-02 06:00:00,2.602227921378237,0.8467563934999092,0.11381259918750253,1.6416589286908234,6
4,Kampong Lama,2024-04-02 07:00:00,2.731970216798942,1.5635805582401758,-0.5739919937148592,1.7423816522736217,7
4,Kampong Lama,2024-04-02 08:00:00,2.834628264224193,2.9592427155871945,-1.7023241257590698,1.5777096743960897,8
4,Kampong Lama,2024-04-02 09:00:00,2.952183136569886,3.9673059646982836,-2.837999310068028,1.8228764819396588,9
4,Kampong Lama,2024-04-02 10:00:00,3.1392844821876906,4.35171088643952,-3.269007873494374,2.0565814692424738,10
4,Kampong Lama,2024-04-02 11:00:00,3.2382775608564316,2.3785235416028456,-2.17024781763984,3.030001836893348,11
4,Kampong Lama,2024-04-02 12:00:00,3.2393507199846,2.037867571385732,-1.0785594373926415,2.2800425859915094,12
4,Kampong Lama,2024-04-02 13:00:00,3.236714004366263,1.7436382369688204,-0.5715574499370959,2.064633217334574,13
4,Kampong Lama,2024-04-02 14:00:00,3.2114827838769884,0.8786211411961631,0.16042272170283667,2.1724389209780384,14
4,Kampong Lama,2024-04-02 15:00:00,3.12967824993342,-1.504954018691997,2.582125690003238,2.052506578622058,15
4,Kampong Lama,2024-04-02 16:00:00,3.01846600859389,-1.6821864049112563,2.2638394501908152,2.4368129633143383,16
4,Kampong Lama,2024-04-02 17:00:00,2.9526295373705125,-0.9834344956292576,1.0580693518753534,2.8779946811244264,17
4,Kampong Lama,2024-04-02 18:00:00,2.8858576119828916,-0.40460748040715444,1.4881455117564997,1.8023195806335472,18
4,Kampong Lama,2024-04-02 19:00:00,2.672319331765636,-0.3342366689961551,1.4409187805847345,1.5656372201770523,19
4,Kampong Lama,2024-04-02 20:00:00,2.425453808482397,-0.28817606262982665,1.209440881788808,1.504188989323417,20
4,Kampong Lama,2024-04-02 21:00:00,2.335204741240185,-0.2932641448941702,1.159720314098383,1.4687485720359703,21
4,Kampong Lama,2024-04-02 22:00:00,2.3409481267129086,-0.21051974012821262,1.0653541099589,1.486113756882233,22
4,Kampong Lama,2024-04-02 23:00:00,2.34641284564914,-0.5026425067907638,1.3560375594438625,1.4930177929960422,23
4,Kampong Lama,2024-04-03 00:00:00,2.3496336078151074,-0.6777851230822354,1.5316380192704138,1.495780711626928,0
4,Kampong Lama,2024-04-03 01:00:00,2.350943422084736,-0.2042197185199015,1.0586046958540472,1.4965584447505904,1
4,Kampong Lama,2024-04-03 02:00:00,2.358474396055863,0.17440339950044148,0.682537105939133,1.5015338906162796,2
4,Kampong Lama,2024-04-03 03:00:00,2.3819284408517785,0.31783718889719736,0.5461663198900162,1.5179249320645667,3
4,Kampong Lama,2024-04-03 04:00:00,2.404738522969681,0.40927083943567055,0.4619791350029683,1.5334885485310465,4
4,Kampong Lama,2024-04-03 05:00:00,2.427682540331966,0.47366365638329455,0.40561956075329686,1.548399323195376,5
4,Kampong Lama,2024-04-03 06:00:00,2.4671086078352147,0.7753268238099622,0.13129702780313224,1.560484756222123,6
4,Kampong Lama,2024-04-03 07:00:00,2.505101526219505,1.0076310506919697,-0.095026914742526,1.5924973902700472,7
4,Kampong Lama,2024-04-03 08:00:00,2.5289192331967456,1.4967846166232448,-0.509379855925733,1.5415144724992444,8
4,Kampong Lama,2024-04-03 09:00:00,2.6397891601626498,1.693580994319234,-0.7363212618868751,1.6825294277301737,9
4,Kampong Lama,2024-04-03 10:00:00,2.8341018002013243,1.9227333116364491,-0.857707091621517,1.7690755801864952,10
4,Kampong Lama,2024-04-03 11:00:00,2.945938131951607,1.8670511447644742,-0.7979277142798864,1.8768147014669125,11
4,Kampong Lama,2024-04-03 12:00:00,2.9597121653148406,1.8441731037650584,-0.7691525044700853,1.8846915660198533,12
4,Kampong Lama,2024-04-03 13:00:00,2.929602657005944,1.7429132642493812,-0.676597686167252,1.863287078923804,13
4,Kampong Lama,2024-04-03 14:00:00,2.8775232945029643,0.9606318185731766,0.08712767915253039,1.829763796777229,14
4,Kampong Lama,2024-04-03 15:00:00,2.8399650627588358,-0.15660662503381673,1.190163940508512,1.806407747284112,15
4,Kampong Lama,2024-04-03 16:00:00,2.8372374748980747,0.03549015251626031,0.9956880452057533,1.8060592771760469,16
4,Kampong Lama,2024-04-03 17:00:00,2.8624546526381067,0.07353966375220011,0.965673919256723,1.8232410696291819,17
4,Kampong Lama,2024-04-03 18:00:00,2.8494098426910313,-0.34655863436878676,1.3738070853956614,1.8221613916641601,18
4,Kampong Lama,2024-04-03 19:00:00,2.767425656154571,-0.1747300094564963,0.9551503992490922,1.9870052663619688,19
4,Kampong Lama,2024-04-03 20:00:00,2.696987978240495,0.1398761134561326,0.7636310724248165,1.7934807923595386,20
4,Kampong Lama,2024-04-03 21:00:00,2.6636284464734805,0.30484659301456674,0.636643837458978,1.7221380159999313,21
4,Kampong Lama,2024-04-03 22:00:00,2.6151306189520005,0.38078352990501685,0.5644002881613215,1.6699468008856684,22
4,Kampong Lama,2024-04-03 23:00:00,2.56347641237568,0.43543788005759154,0.49957239910080276,1.6284661332172803,23
4,Kampong Lama,2024-04-04 00:00:00,2.5470071147075943,0.46425140467403025,0.46546528075276505,1.6172904292808,0
4,Kampong Lama,2024-04-04 01:00:00,2.5462626692464045,0.4381460618955124,0.4892296985282769,1.618886908822617,1
4,Kampong Lama,2024-04-04 02:00:00,2.5408760937435355,0.3805840970262899,0.5441836260439725,1.616108370673274,2
4,Kampong Lama,2024-04-04 03:00:00,2.545060989746675,0.3261062754804307,0.5992972942771804,1.6196574199890534,3
4,Kampong Lama,2024-04-04 04:00:00,2.5548152301869007,0.28302139368433643,0.6449245718646583,1.6268692646379037,4
4,Kampong Lama,2024-04-04 05:00:00,2.5662555489569394,0.24539780841382708,0.6861310704496866,1.6347266700934249,5
4,Kampong Lama,2024-04-04 06:00:00,2.6046638056847016,0.5245517213472333,0.4196744831977668,1.6604376011396955,6
4,Kampong Lama,2024-04-04 07:00:00,2.691129659907375,0.8647307212097175,0.10976515784239993,1.7166337808552612,7
4,Kampong Lama,2024-04-04 08:00:00,2.795188723382921,1.3839155894316804,-0.3032092151380468,1.7144823490892236,8
4,Kampong Lama,2024-04-04 09:00:00,2.9354982836204044,1.3144399355655878,-0.26254884325066286,1.8836071913054866,9
4,Kampong Lama,2024-04-04 10:00:00,3.084471469966843,1.0354836811167445,0.0800743005209128,1.9689134883291786,10
4,Kampong Lama,2024-04-04 11:00:00,3.1156393609678616,1.334885080011361,-0.20053036087717402,1.9812846418336676,11
4,Kampong Lama,2024-04-04 12:00:00,3.063584626656734,1.6263976137202008,-0.5092473333652308,1.9464343463016576,12
4,Kampong Lama,2024-04-04 13:00:00,3.0356831135958373,1.8568838298709522,-0.8829677195500096,2.0617670032748947,13
4,Kampong Lama,2024-04-04 14:00:00,3.0487035884571014,3.1367791734627133,-2.1329798262038793,2.0449042411981964,14
4,Kampong Lama,2024-04-04 15:00:00,3.0709240603895864,0.9220000011972473,0.2159960291689913,1.9329280300234188,15
4,Kampong Lama,2024-04-04 16:00:00,3.019185684516458,-1.3397533121824807,2.0297575208455356,2.329181475853389,16
4,Kampong Lama,2024-04-04 17:00:00,2.8551860281246064,-0.7737915144449232,1.8070503519899646,1.8219271905795615,17
4,Kampong Lama,2024-04-04 18:00:00,2.6821856673398834,-0.2520556685009101,1.2340102419575416,1.7002310938832466,18
4,Kampong Lama,2024-04-04 19:00:00,2.543787314183646,0.14515891395421932,0.7889448163859232,1.6096835838435126,19
4,Kampong Lama,2024-04-04 20:00:00,2.4407916326445864,0.2761140432385325,0.620449645267108,1.544227944138953,20
4,Kampong Lama,2024-04-04 21:00:00,2.4136835049963437,0.35542067113671294,0.5271659736512984,1.5310968602083364,21
4,Kampong Lama,2024-04-04 22:00:00,2.4144787296831645,0.41589759329421483,0.46380937685270496,1.5347717595362482,22
4,Kampong Lama,2024-04-04 23:00:00,2.423958875440321,0.4251198722666416,0.45634917878452086,1.5424898243891576,23
4,Kampong Lama,2024-04-05 00:00:00,2.4467347278510205,0.2598388302569532,0.6276566656293436,1.5592392319647175,0
4,Kampong Lama,2024-04-05 01:00:00,2.4486835106056373,0.032934827190782556,0.8541769847666139,1.561571698648244,1
4,Kampong Lama,2024-04-05 02:00:00,2.41568908918589,0.038643891616800374,0.8415751967407061,1.5354700008283828,2
4,Kampong Lama,2024-04-05 03:00:00,2.372520076406065,0.14431509575903334,0.7237848842897883,1.5044200963572436,3
4,Kampong Lama,2024-04-05 04:00:00,2.3825132887967913,0.22695696634080775,0.644349215571987,1.5112071068839938,4
4,Kampong Lama,2024-04-05 05:00:00,2.4443610704092724,0.29225812155657493,0.5941744914615441,1.557928457391153,5
4,Kampong Lama,2024-04-05 06:00:00,2.5228399244057726,0.5547991468690299,0.3558218042698229,1.6122189732669208,6
4,Kampong Lama,2024-04-05 07:00:00,2.637061187240562,0.8643836400479117,0.14456826809374945,1.628109279098922,7
4,Kampong Lama,2024-04-05 08:00:00,2.732286761408943,1.2021932059195137,-0.2013489725978559,1.7314425280872854,8
4,Kampong Lama,2024-04-05 09:00:00,2.8254356356152357,1.2825335769172739,-0.1493104012362707,1.6922124599341828,9
4,Kampong Lama,2024-04-05 10:00:00,2.9755871267631164,2.125291748498455,-0.05149263343815136,0.9017880117028199,10
4,Kampong Lama,2024-04-05 11:00:00,3.0616290721401356,1.5507937799231968,-0.050603745140392675,1.5614390373573315,11
4,Kampong Lama,2024-04-05 12:00:00,3.0467625174795785,0.19666379198488926,0.6823827815534145,2.1677159439411753,12
4,Kampong Lama,2024-04-05 13:00:00,2.978052934825655,0.4743592237437326,0.5981295902289361,1.9055641208528868,13
4,Kampong Lama,2024-04-05 14:00:00,2.87887580902634,1.0506710151950358,0.0243548624189458,1.8038499314123442,14
4,Kampong Lama,2024-04-05 15:00:00,2.8208784420702386,1.2750995833194452,-0.245504323151863,1.791283181902628,15
4,Kampong Lama,2024-04-05 16:00:00,2.809612540500524,1.1585760625208366,-0.1367450029611348,1.7877814809407937,16
4,Kampong Lama,2024-04-05 17:00:00,2.8032494878666228,0.7864798756895723,0.14460015964546002,1.8721694525315895,17
4,Kampong Lama,2024-04-05 18:00:00,2.7476242572984004,0.34660986111141767,0.6073005914666325,1.7937138047203582,18
4,Kampong Lama,2024-04-05 19:00:00,2.636541839146247,0.5304568571082235,0.47211220111174157,1.6339727809262783,19
4,Kampong Lama,2024-04-05 20:00:00,2.549479792135994,0.573377519346284,0.3825612180042075,1.5935410547854971,20
4,Kampong Lama,2024-04-05 21:00:00,2.4956165167164768,0.5996674657595236,0.3245967307672757,1.5713523201896749,21
4,Kampong Lama,2024-04-05 22:00:00,2.4562492722162013,0.6055910654560925,0.2979540832990253,1.5527041234610834,22
4,Kampong Lama,2024-04-05 23:00:00,2.4310872792597733,0.6105726505852864,0.2790236007666982,1.5414910279077887,23
4,Kampong Lama,2024-04-06 00:00:00,2.396662607615663,0.5589534190977155,0.31583272781691285,1.521876460701037,0
4,Kampong Lama,2024-04-06 01:00:00,2.3349767228693437,0.41870459132767124,0.43497386007342165,1.4812982714682477,1
4,Kampong Lama,2024-04-06 02:00:00,2.2728115298390623,0.2617660896608207,0.5708473672810328,1.4401980728972106,2
4,Kampong Lama,2024-04-06 03:00:00,2.215070183799668,0.14521842539816987,0.6662584777688494,1.4035932806326485,3
4,Kampong Lama,2024-04-06 04:00:00,2.165178854482069,0.06984551001547956,0.7246343985224133,1.37069894594417,4
4,Kampong Lama,2024-04-06 05:00:00,2.2715467038227573,0.07053534168000652,0.7454545950095497,1.4555567671331993,5
4,Kampong Lama,2024-04-06 06:00:00,2.301408114962463,0.21254920681939282,0.6390693647098153,1.4497895434332664,6
4,Kampong Lama,2024-04-06 07:00:00,2.335752068896511,0.2335985488586374,0.6154489566804102,1.4867045633574918,7
4,Kampong Lama,2024-04-06 08:00:00,2.4291717561562223,0.3302310377943627,0.5487830119241508,1.5501577064377159,8
4,Kampong Lama,2024-04-06 09:00:00,2.6155383953109776,0.5837338071390548,0.3595126794925818,1.672291908679199,9
4,Kampong Lama,2024-04-06 10:00:00,2.8646856974443153,1.039448425463803,0.013771613103330083,1.811465658877296,10
4,Kampong Lama,2024-04-06 11:00:00,3.039481147742549,1.2607436452319973,-0.1468283233114107,1.925565825821991,11
4,Kampong Lama,2024-04-06 12:00:00,3.1079605713036926,1.0839538198159175,0.04296707432972369,1.981039677158094,12
4,Kampong Lama,2024-04-06 13:00:00,3.1177576681247956,0.8012684300136641,0.306233200024117,2.010256038086993,13
4,Kampong Lama,2024-04-06 14:00:00,3.0086142726443086,0.967017898635504,0.06579038684353122,1.9758059871653018,14
4,Kampong Lama,2024-04-06 15:00:00,2.787697148416612,1.3809379492987262,-0.36049773609480695,1.767256935212714,15
4,Kampong Lama,2024-04-06 16:00:00,2.6544312371914316,0.9991287366887605,-0.029510688774958993,1.6848131892776337,16
4,Kampong Lama,2024-04-06 17:00:00,2.689755622894282,0.21741362209233728,0.758251844458087,1.7140901563438398,17
4,Kampong Lama,2024-04-06 18:00:00,2.7239256669638774,-0.17653676231612359,1.165432145836455,1.7350302834435496,18
4,Kampong Lama,2024-04-06 19:00:00,2.637443625234014,-0.1686943275209778,1.12598721430183,1.6801507384531646,19
4,Kampong Lama,2024-04-06 20:00:00,2.5070099743651655,-0.10445653551916756,1.0003530756174541,1.6111134342668834,20
4,Kampong Lama,2024-04-06 21:00:00,2.40453844572608,0.08725079736990615,0.7864040042899312,1.5308836440662432,21
4,Kampong Lama,2024-04-06 22:00:00,2.3229293261902866,0.2935654191957724,0.5643518641331973,1.4650120428613178,22
4,Kampong Lama,2024-04-06 23:00:00,2.312370158938471,0.3203359807811239,0.5312352406025909,1.460798937554756,23
4,Kampong Lama,2024-04-07 00:00:00,2.345026727063912,0.16729345299955867,0.6868283708102751,1.4909049032540764,0
4,Kampong Lama,2024-04-07 01:00:00,2.3447026885237063,0.06621480458067097,0.7859380429961611,1.4925498409468787,1
4,Kampong Lama,2024-04-07 02:00:00,2.326750358392057,0.06968137651837125,0.7778364486944493,1.4792325331792426,2
4,Kampong Lama,2024-04-07 03:00:00,2.2846613099499593,0.11371521479660629,0.7208739738623997,1.450072121290951,3
4,Kampong Lama,2024-04-07 04:00:00,2.2453549783529674,0.1405831511381983,0.680927633553873,1.4238441936608979,4
4,Kampong Lama,2024-04-07 05:00:00,2.2447657313119653,0.15025285991765003,0.6686695430878302,1.4258433283064917,5
4,Kampong Lama,2024-04-07 06:00:00,2.2558747546454256,0.15337408536775854,0.6662629886370368,1.4362376806406256,6
4,Kampong Lama,2024-04-07 07:00:00,2.266513981208675,-0.11887096698729493,0.9422099766491243,1.4431749715468243,7
4,Kampong Lama,2024-04-07 08:00:00,2.3066933254755213,-0.24367429969124998,1.1434191527485709,1.406948472418179,8
4,Kampong Lama,2024-04-07 09:00:00,2.494691493945936,0.09295926220507056,0.8082841961289944,1.5934480356118286,9
4,Kampong Lama,2024-04-07 10:00:00,2.7683568333495714,0.2694208926677675,0.7264574877700625,1.7724784529117983,10
4,Kampong Lama,2024-04-07 11:00:00,2.9045876604652676,0.40529629209180484,0.5833193456482633,1.9159720227251569,11
4,Kampong Lama,2024-04-07 12:00:00,2.963153287655473,0.9870405359894505,0.06026051904851215,1.915852232617567,12
4,Kampong Lama,2024-04-07 13:00:00,3.0369415995302234,1.2509532692717755,-0.15693981471677887,1.9429281449750988,13
4,Kampong Lama,2024-04-07 14:00:00,2.918461314767569,1.3369921830453393,-0.2783397748420384,1.8598089065642398,14
4,Kampong Lama,2024-04-07 15:00:00,2.5553451578027193,1.1214426306115115,-0.2464920612734005,1.680394588464594,15
4,Kampong Lama,2024-04-07 16:00:00,2.314952942905336,0.7291023086169872,0.0439120461151461,1.5419385881731955,16
4,Kampong Lama,2024-04-07 17:00:00,2.357616571857676,0.5069359926789758,0.2985578889683609,1.5521226902103784,17
4,Kampong Lama,2024-04-07 18:00:00,2.471672126169114,0.12334865708306708,0.7368259266936263,1.6114975423924278,18
4,Kampong Lama,2024-04-07 19:00:00,2.4688325375510547,0.1516507120488697,0.741319408404145,1.5758624170980298,19
4,Kampong Lama,2024-04-07 20:00:00,2.3814127982354223,0.3136577313904354,0.5577017628637151,1.5100533039812731,20
4,Kampong Lama,2024-04-07 21:00:00,2.3183631146957655,0.4008735082482282,0.4504230796789077,1.4670665267686402,21
4,Kampong Lama,2024-04-07 22:00:00,2.267730548269598,0.459030807439305,0.3723601813422954,1.4363395594880046,22
4,Kampong Lama,2024-04-07 23:00:00,2.255034046670974,0.4687231481233134,0.3569236663565265,1.4293872321911323,23
4,Kampong Lama,2024-04-08 00:00:00,2.2458686931495424,0.4133531171626643,0.40607362506487377,1.4264419509220048,0
4,Kampong Lama,2024-04-08 01:00:00,2.211133546597428,0.3707463141601046,0.43774679118770976,1.4026404412496092,1
4,Kampong Lama,2024-04-08 02:00:00,2.276144475376715,0.4061980824133009,0.42127966947978557,1.4486667234836332,2
4,Kampong Lama,2024-04-08 03:00:00,2.385567825736572,0.4681854251214155,0.38882801100472,1.5285543896104414,3
4,Kampong Lama,2024-04-08 04:00:00,2.4229487420550533,0.510530828574506,0.36073498581578445,1.551682927664757,4
4,Kampong Lama,2024-04-08 05:00:00,2.4173877662466854,0.5289312591022046,0.34190181291677657,1.5465546942277015,5
4,Kampong Lama,2024-04-08 06:00:00,2.419486261453436,0.7653383833404632,0.13208481923153848,1.5220630588814248,6
4,Kampong Lama,2024-04-08 07:00:00,2.4413985890212473,0.8996008848281036,-0.0118273722297495,1.5536250764229322,7
4,Kampong Lama,2024-04-08 08:00:00,2.5168222348652876,1.2662403379621594,-0.35478676679800003,1.6053686637010856,8
4,Kampong Lama,2024-04-08 09:00:00,2.7311003922152395,1.5776519503708357,-0.5518331689910738,1.7052816108354705,9
4,Kampong Lama,2024-04-08 10:00:00,3.027333807604464,1.3504567573746158,-0.2946129204072605,1.9714899706371511,10
4,Kampong Lama,2024-04-08 11:00:00,3.192072445210215,1.1734657434832059,-0.0010265312335491217,2.0196332329607003,11
4,Kampong Lama,2024-04-08 12:00:00,3.2343462402845944,1.1137137982248078,0.15535350701965456,1.9652789350401463,12
4,Kampong Lama,2024-04-08 13:00:00,3.2375756005616267,0.9517080250934669,0.23760916217949557,2.048258413288579,13
4,Kampong Lama,2024-04-08 14:00:00,3.120255328135272,1.0445579667221239,0.0962914814208915,1.979405879992214,14
4,Kampong Lama,2024-04-08 15:00:00,2.9380769238376274,1.3116728392192272,-0.2624864935130802,1.8888905781316225,15
4,Kampong Lama,2024-04-08 16:00:00,2.872286069859058,0.9961156239453999,-0.07919786307667565,1.9553683089902876,16
4,Kampong Lama,2024-04-08 17:00:00,2.8828208855930058,0.5558935646679117,0.48353153268412186,1.843395788240981,17
4,Kampong Lama,2024-04-08 18:00:00,2.8348703344421082,0.21195823167563077,0.8373128596706856,1.7855992430957954,18
4,Kampong Lama,2024-04-08 19:00:00,2.725257043282526,0.4580679672245047,0.5911385436762995,1.6760505323817299,19
4,Kampong Lama,2024-04-08 20:00:00,2.651894896239396,0.5437702434115401,0.4467895039010106,1.6613351489268382,20
4,Kampong Lama,2024-04-08 21:00:00,2.634305821597689,0.6113472994822367,0.35873780334919214,1.664220718766252,21
4,Kampong Lama,2024-04-08 22:00:00,2.6186753283903075,0.6578126342780983,0.30028077218220517,1.6605819219300102,22
4,Kampong Lama,2024-04-08 23:00:00,2.6108720668774295,0.6979260107446379,0.25443289595188734,1.6585131601809096,23
4,Kampong Lama,2024-04-09 00:00:00,2.610565191403036,0.7347194088774387,0.21558908014567635,1.6602567023799324,0
4,Kampong Lama,2024-04-09 01:00:00,2.60011368663615,0.6824395380908683,0.2638131658717535,1.6538609826735282,1
4,Kampong Lama,2024-04-09 02:00:00,2.6289037096861323,0.5199988807052733,0.43418620479545744,1.6747186241854095,2
4,Kampong Lama,2024-04-09 03:00:00,2.7064767091693556,0.4715166728958131,0.5058428620435702,1.7291171742299767,3
4,Kampong Lama,2024-04-09 04:00:00,2.731273655837845,0.5524365311243997,0.43417250664271023,1.7446646180707361,4
4,Kampong Lama,2024-04-09 05:00:00,2.7181756080591084,0.6210268565193786,0.3625188912107866,1.7346298603289512,5
4,Kampong Lama,2024-04-09 06:00:00,2.744693198529795,1.1050337853783958,-0.06371325575431719,1.703372668905716,6
4,Kampong Lama,2024-04-09 07:00:00,2.8046383865830933,1.4631267854926904,-0.43561963086876077,1.777131231959146,7
4,Kampong Lama,2024-04-09 08:00:00,2.8674568373672287,1.959046051419591,-0.9643033452061012,1.8727141311537707,8
4,Kampong Lama,2024-04-09 09:00:00,3.047786393147362,1.772672083096893,-0.6922573704749908,1.9673716805254458,9
4,Kampong Lama,2024-04-09 10:00:00,3.3582203854904265,1.202924036320212,-0.0211423986671484,2.1764387478374374,10
4,Kampong Lama,2024-04-09 11:00:00,3.5457055145055847,0.748357174557583,0.5237048514808436,2.2736434884672008,11
4,Kampong Lama,2024-04-09 12:00:00,3.6089497128700714,0.6933636954209419,0.6159856149964433,2.299600402452654,12
4,Kampong Lama,2024-04-09 13:00:00,3.66150661527206,0.6593363257086367,0.669265789048282,2.3329045005151556,13
4,Kampong Lama,2024-04-09 14:00:00,3.652175223054769,0.7852452881124066,0.5432490771074328,2.3236808578349155,14
4,Kampong Lama,2024-04-09 15:00:00,3.546375930261263,1.016326604004945,0.2771743294903608,2.252874996765968,15
4,Kampong Lama,2024-04-09 16:00:00,3.412638123933334,1.076835171058562,0.16860757653100222,2.167195376343841,16
4,Kampong Lama,2024-04-09 17:00:00,3.3151375192938275,0.8949104383568596,0.2529171525432883,2.167309928393676,17
4,Kampong Lama,2024-04-09 18:00:00,3.2032446704938407,0.5580236035117636,0.5734392945968612,2.071781772385208,18
4,Kampong Lama,2024-04-09 19:00:00,3.0566695766560397,0.6625898914799144,0.46134469327840044,1.9327349918977177,19
4,Kampong Lama,2024-04-09 20:00:00,2.9544966771924344,0.4449521881635423,0.6381563877990573,1.871388101229826,20
4,Kampong Lama,2024-04-09 21:00:00,2.887963863370672,0.16294438643055464,0.8906387614872777,1.8343807154528378,21
4,Kampong Lama,2024-04-09 22:00:00,2.793164832545065,0.05799507928974812,0.9655834065066102,1.769586346748703,22
4,Kampong Lama,2024-04-09 23:00:00,2.7130681307337836,0.05189572945177723,0.9428909686925593,1.7182814325894498,23
4,Kampong Lama,2024-04-10 00:00:00,2.635854810083236,0.11203233112104982,0.853950779952303,1.6698716990098745,0
4,Kampong Lama,2024-04-10 01:00:00,2.5624731265967675,0.22275376023699778,0.7192248896922191,1.6204944766675524,1
4,Kampong Lama,2024-04-10 02:00:00,2.5703309153291913,0.2930406307931648,0.6475956570294628,1.6296946275065736,2
4,Kampong Lama,2024-04-10 03:00:00,2.5505332878799285,0.2535065079422161,0.676576524872397,1.6204502550653217,3
4,Kampong Lama,2024-04-10 04:00:00,2.481559934774785,0.09898594422244855,0.8082264953054157,1.5743474952469185,4
4,Kampong Lama,2024-04-10 05:00:00,2.4707810906609216,-0.07761637732916604,0.9848077337609951,1.563589734229101,5
4,Kampong Lama,2024-04-10 06:00:00,2.4992356805675655,-0.10331334677785975,1.0293696851600664,1.5731793421853548,6
4,Kampong Lama,2024-04-10 07:00:00,2.6037872178903285,-0.16586134136959885,1.1104108085521034,1.6592377507078169,7
4,Kampong Lama,2024-04-10 08:00:00,2.7643389360697483,0.2941415463816668,0.7699619514771712,1.700235438210882,8
4,Kampong Lama,2024-04-10 09:00:00,2.967173805626885,0.8655430633895094,0.019073402558646535,2.0825573396788286,9
4,Kampong Lama,2024-04-10 10:00:00,3.275267120600347,1.5743538856876853,-0.3398353896839481,2.040748624596631,10
4,Kampong Lama,2024-04-10 11:00:00,3.5221235578509322,1.188455077222926,0.11777753302625271,2.2158909476017925,11
4,Kampong Lama,2024-04-10 12:00:00,3.629863949721539,0.66357986283316,0.5835054734323819,2.382778613455912,12
4,Kampong Lama,2024-04-10 13:00:00,3.680462168444933,0.4693523228650065,0.8348319112086493,2.3762779343712737,13
4,Kampong Lama,2024-04-10 14:00:00,3.663110139434707,0.7251383816988266,0.6074306567704291,2.3305411009655472,14
4,Kampong Lama,2024-04-10 15:00:00,3.5628566134813013,0.9369280858102798,0.3419290264883674,2.2839995011826204,15
4,Kampong Lama,2024-04-10 16:00:00,3.4202657623872312,1.0918198045199006,0.12485509486558044,2.2035908630017644,16
4,Kampong Lama,2024-04-10 17:00:00,3.2834366055664077,1.1127647562375103,0.08579971175518963,2.084872137573715,17
4,Kampong Lama,2024-04-10 18:00:00,3.148132113979355,0.7184116248980317,0.4333718525051715,1.9963486365761582,18
4,Kampong Lama,2024-04-10 19:00:00,2.984830962360215,0.6629101349929307,0.3832872235193814,1.9386336038479115,19
4,Kampong Lama,2024-04-10 20:00:00,2.8619352937720706,0.701096628483949,0.3363242677016163,1.8245143975865048,20
4,Kampong Lama,2024-04-10 21:00:00,2.7701292696340936,0.6831864211876706,0.32751035987632804,1.7594324885700843,21
4,Kampong Lama,2024-04-10 22:00:00,2.608771950888535,0.658572363518644,0.301074293944124,1.6491252934257759,22
4,Kampong Lama,2024-04-10 23:00:00,2.47116328990999,0.6371876261607916,0.2742559711126953,1.5597196926365058,23
4,Kampong Lama,2024-04-11 00:00:00,2.443509413738252,0.6587002169874019,0.2387869815847221,1.5460222151661256,0
4,Kampong Lama,2024-04-11 01:00:00,2.455268910018478,0.69305807802197,0.20264578422633717,1.5595650477701781,1
4,Kampong Lama,2024-04-11 02:00:00,2.4710073520160547,0.7010290811445969,0.19714584972965543,1.572832421141804,2
4,Kampong Lama,2024-04-11 03:00:00,2.494056442152441,0.696784332949786,0.20784425439195742,1.589427854810694,3
4,Kampong Lama,2024-04-11 04:00:00,2.5116847406237617,0.7307104825450565,0.17983582596329883,1.6011384321153983,4
4,Kampong Lama,2024-04-11 05:00:00,2.526451119250376,0.7745327803846571,0.1415513582186878,1.6103669806470329,5
4,Kampong Lama,2024-04-11 06:00:00,2.56790714465955,1.2896614258253152,-0.31095970056509525,1.5892054193993335,6
4,Kampong Lama,2024-04-11 07:00:00,2.677649454934027,1.807260431850466,-0.6507888581585988,1.5211778812421528,7
4,Kampong Lama,2024-04-11 08:00:00,2.844991366238162,1.8995105365406744,-0.8772741152135524,1.8227549449110825,8
4,Kampong Lama,2024-04-11 09:00:00,3.0697309314506924,1.6708228114233066,-0.5746884209742724,1.9735965410015979,9
4,Kampong Lama,2024-04-11 10:00:00,3.3130203077032547,1.1461910181015753,-0.12318427747525362,2.290013567076926,10
4,Kampong Lama,2024-04-11 11:00:00,3.433205809429637,0.9609192397634558,0.20823020574436413,2.2640563639218385,11
4,Kampong Lama,2024-04-11 12:00:00,3.3961293044681042,0.9111199821405478,0.3212767401772396,2.163732582150203,12
4,Kampong Lama,2024-04-11 13:00:00,3.2875533337271463,0.8573942580279095,0.3417526158076143,2.088406459891587,13
4,Kampong Lama,2024-04-11 14:00:00,3.1651982596764583,1.1110035899632749,0.04499491046641424,2.0091997592466555,14
4,Kampong Lama,2024-04-11 15:00:00,3.034566175303894,1.3678419174292458,-0.25773215002520544,1.924456407899811,15
4,Kampong Lama,2024-04-11 16:00:00,2.9351127751172044,0.6038345181289912,0.41103836332830923,1.9202398936598968,16
4,Kampong Lama,2024-04-11 17:00:00,2.7994693179734043,-0.5521374940104398,1.5318677327309729,1.8197390792528734,17
4,Kampong Lama,2024-04-11 18:00:00,2.5833998677997663,-0.5917766489364906,1.5190322286857487,1.6561442880504984,18
4,Kampong Lama,2024-04-11 19:00:00,2.4467831070607224,-0.16020039681902887,1.0380070162255635,1.56897648765419,19
4,Kampong Lama,2024-04-11 20:00:00,2.4231355423341996,0.1303456385355446,0.7453916328175119,1.547398270981141,20
4,Kampong Lama,2024-04-11 21:00:00,2.4292138085059696,0.014320098299892337,0.8665782694932602,1.5483154407128197,21
4,Kampong Lama,2024-04-11 22:00:00,2.425310919587314,-0.36611936984661675,1.2469695896802548,1.544460699753671,22
4,Kampong Lama,2024-04-11 23:00:00,2.383783614612275,-0.6086470811024256,1.4780627236665147,1.5143679720481842,23
4,Kampong Lama,2024-04-12 00:00:00,2.3463138698389514,-0.489187557118953,1.3438963502245116,1.4916050767333928,0
4,Kampong Lama,2024-04-12 01:00:00,2.3362357230944517,-0.20062564884648104,1.050966222693713,1.4858951492472272,1
4,Kampong Lama,2024-04-12 02:00:00,2.3453147585643594,0.07987259903680055,0.7730542120240607,1.4923879475034951,2
4,Kampong Lama,2024-04-12 03:00:00,2.3962755847763453,0.18817649938471348,0.6793853953104083,1.5287136900812186,3
4,Kampong Lama,2024-04-12 04:00:00,2.445815243078942,0.18220169048897006,0.7004951478638404,1.56311840472614,4
4,Kampong Lama,2024-04-12 05:00:00,2.4654328410492603,0.21333805233805592,0.6776861776291323,1.5744086110820703,5
4,Kampong Lama,2024-04-12 06:00:00,2.522345524553394,0.45574945153114754,0.45752244849179036,1.609073624530462,6
4,Kampong Lama,2024-04-12 07:00:00,2.651215457813521,0.7101160080273559,0.24816171610761728,1.6929377336785265,7
4,Kampong Lama,2024-04-12 08:00:00,2.7798567615270713,1.1896347394337283,-0.13858157220002454,1.728803594293396,8
4,Kampong Lama,2024-04-12 09:00:00,2.88948242990341,1.454265984811542,-0.39995494245432894,1.8351713875461257,9
4,Kampong Lama,2024-04-12 10:00:00,2.97380321060416,1.5549704645790428,-0.47661113948040423,1.8954438855055855,10
4,Kampong Lama,2024-04-12 11:00:00,2.9572499819288396,1.4814847887966494,-0.4689865012973442,1.9447516944296126,11
4,Kampong Lama,2024-04-12 12:00:00,2.8861353822620686,1.7926810365497658,-0.7544172925047619,1.847871638217157,12
4,Kampong Lama,2024-04-12 13:00:00,2.8628283269295025,0.8063220989704405,0.23437518686008474,1.8221310410989986,13
4,Kampong Lama,2024-04-12 14:00:00,2.8993229284312747,-1.8507331960664004,2.868683324441804,1.8813728000558,14
4,Kampong Lama,2024-04-12 15:00:00,2.8992976884371444,-0.38544637517692815,1.71453936737133,1.5702046962427545,15
4,Kampong Lama,2024-04-12 16:00:00,2.7202617086786063,-1.6785499700147488,3.666150867490103,0.732660811203246,16
4,Kampong Lama,2024-04-12 17:00:00,2.479993451168639,-1.3735271970031455,2.2924903777438246,1.5610302704279526,17
4,Kampong Lama,2024-04-12 18:00:00,2.390830737465422,-1.0550609081724998,1.883646860668911,1.5622447849690175,18
4,Kampong Lama,2024-04-12 19:00:00,2.394709273271042,-0.9479874537104352,1.8113409016765587,1.5313558253049138,19
4,Kampong Lama,2024-04-12 20:00:00,2.1522056880372284,-0.9334699207323545,1.7268186806211787,1.3588569281484055,20
4,Kampong Lama,2024-04-12 21:00:00,1.605003869216576,-0.963049016144129,1.590587755455708,0.9774651299049992,21
4,Kampong Lama,2024-04-12 22:00:00,1.76279662276269,-0.9744964108447813,1.6186327691482063,1.1186602644592654,22
4,Kampong Lama,2024-04-12 23:00:00,2.3492859590982027,-0.9453076041986332,1.7602994371480207,1.534294126148808,23
4,Kampong Lama,2024-04-13 00:00:00,2.3870994317178216,-0.33415997395536223,1.188183912640941,1.5330754930322428,0
4,Kampong Lama,2024-04-13 01:00:00,2.157777925504209,-0.12473079994584957,0.9198355725268392,1.3626731529232146,1
4,Kampong Lama,2024-04-13 02:00:00,2.2693763868546633,-0.06736777637444646,0.8989614716783549,1.4377826915507512,2
4,Kampong Lama,2024-04-13 03:00:00,2.4502855040564855,0.05115732241073445,0.824339149419254,1.5747890322264908,3
4,Kampong Lama,2024-04-13 04:00:00,2.5500875320017684,0.16655351283343123,0.7421998825618399,1.6413341366065026,4
4,Kampong Lama,2024-04-13 05:00:00,2.5830522278675856,0.24797212623346354,0.679262511244886,1.6558175903892405,5
4,Kampong Lama,2024-04-13 06:00:00,2.6111296566304745,0.49193362412044195,0.4529514413049469,1.6662445912050892,6
4,Kampong Lama,2024-04-13 07:00:00,2.7058240962436457,0.6863566177863376,0.29579286380092995,1.7236746146563746,7
4,Kampong Lama,2024-04-13 08:00:00,2.833546640652486,1.0860386806020017,-0.0153132678763086,1.7628212279268354,8
4,Kampong Lama,2024-04-13 09:00:00,2.991156574958552,1.4886867022536592,-0.354116479886482,1.8565863525913642,9
4,Kampong Lama,2024-04-13 10:00:00,3.159461315735655,1.2374312473575628,-0.07888990332351753,2.0009199717015917,10
4,Kampong Lama,2024-04-13 11:00:00,3.2200846239861107,1.0517267845089862,0.11814423352733172,2.050213605949807,11
4,Kampong Lama,2024-04-13 12:00:00,3.1432305365316324,1.0878071679859147,0.09356002175427847,1.9618633467914606,12
4,Kampong Lama,2024-04-13 13:00:00,2.9938186627003347,1.2352235883076048,-0.1343740817835979,1.8929691561763775,13
4,Kampong Lama,2024-04-13 14:00:00,2.92281428724516,1.2894028458838136,-0.22510544769842156,1.858516889059672,14
4,Kampong Lama,2024-04-13 15:00:00,2.965716201691748,0.5972163880042416,0.47903227917040425,1.8894675345170526,15
4,Kampong Lama,2024-04-13 16:00:00,2.961925787353323,-0.7195939207911266,1.7169040262789252,1.96461568186551,16
4,Kampong Lama,2024-04-13 17:00:00,2.886620372451304,-0.7801468308602111,1.8242778436013722,1.842489359710152,17
4,Kampong Lama,2024-04-13 18:00:00,2.729246251413156,-0.5082140543064275,1.4666667558638835,1.7707935498556928,18
4,Kampong Lama,2024-04-13 19:00:00,2.505327810484622,-0.4376376120310148,1.164476806105391,1.7784886164102431,19
4,Kampong Lama,2024-04-13 20:00:00,2.3749380939990736,-0.22752677669446797,1.0407406928462066,1.5617241778473385,20
4,Kampong Lama,2024-04-13 21:00:00,2.360428407709112,0.0343436912769981,0.8137811789239322,1.5123035375081884,21
4,Kampong Lama,2024-04-13 22:00:00,2.359070551349679,0.25755275248914344,0.5981836818217161,1.5033341170388184,22
4,Kampong Lama,2024-04-13 23:00:00,2.3349508864551254,0.35961135899855634,0.49053496073790903,1.4848045667186653,23
4,Kampong Lama,2024-04-14 00:00:00,2.313673833869079,0.41848001624856934,0.42520662383948604,1.4699871937810158,0
4,Kampong Lama,2024-04-14 01:00:00,2.306415865824326,0.4640221430893767,0.37637397299341036,1.466019749741534,1
4,Kampong Lama,2024-04-14 02:00:00,2.3235517559176158,0.4991152146298248,0.34550105462562986,1.4789354866621522,2
4,Kampong Lama,2024-04-14 03:00:00,2.370332139181251,0.5253258546823396,0.3324377825583378,1.5125685019405708,3
4,Kampong Lama,2024-04-14 04:00:00,2.396567716174542,0.534080951451557,0.33239639408001675,1.5300903706429665,4
4,Kampong Lama,2024-04-14 05:00:00,2.404742314368919,0.5596030297232524,0.3117121493020676,1.5334271353436044,5
4,Kampong Lama,2024-04-14 06:00:00,2.4644434711562724,0.7454596510857527,0.14619215141685338,1.572791668653672,6
4,Kampong Lama,2024-04-14 07:00:00,2.5723657968207476,1.0189562104980254,-0.04861096801661802,1.6020205543393473,7
4,Kampong Lama,2024-04-14 08:00:00,2.6449294618060435,1.6627014597645484,-0.5671021365477316,1.549330138589255,8
4,Kampong Lama,2024-04-14 09:00:00,2.7322574113086375,1.5054063194670846,-0.5736892950619747,1.8005403869035206,9
4,Kampong Lama,2024-04-14 10:00:00,2.8423602167783883,1.672545562748553,-0.6219543291895206,1.7917689832192991,10
4,Kampong Lama,2024-04-14 11:00:00,2.853714896860538,1.6531965047299764,-0.6149527469845353,1.8154711391150045,11
4,Kampong Lama,2024-04-14 12:00:00,2.8426413666587678,1.5908629620148247,-0.5499811881892498,1.8017595928330365,12
4,Kampong Lama,2024-04-14 13:00:00,2.920759702208784,-2.0566939263343613,3.114588957483676,1.8628646710594694,13
4,Kampong Lama,2024-04-14 14:00:00,2.936836863499707,-3.170414809335373,4.264062962668618,1.8431887101663733,14
4,Kampong Lama,2024-04-14 15:00:00,2.8356790019533946,-1.6531225377079508,2.040815551647839,2.447985988013471,15
4,Kampong Lama,2024-04-14 16:00:00,2.821246721079092,-0.3018878240324625,0.8437675046754407,2.2793670404360995,16
4,Kampong Lama,2024-04-14 17:00:00,2.8087449264992657,-0.13350172887667,1.2261384582556971,1.71610819712023,17
4,Kampong Lama,2024-04-14 18:00:00,2.6150011140112523,-0.8880659172454233,1.8186813339380947,1.6843856973185787,18
4,Kampong Lama,2024-04-14 19:00:00,2.382225762140537,-0.8010456822181975,1.6765168591309418,1.506754585227796,19
4,Kampong Lama,2024-04-14 20:00:00,2.033423928044378,-0.464638366823829,1.2275875901372153,1.2704747047309937,20
4,Kampong Lama,2024-04-14 21:00:00,1.6565251826761378,-0.18356587070129038,0.8200081383453544,1.0200829150320772,21
4,Kampong Lama,2024-04-14 22:00:00,1.6989147343019044,0.05455533289978476,0.5697109136654355,1.0746484877366882,22
4,Kampong Lama,2024-04-14 23:00:00,1.6705346810445019,0.14441591413992683,0.4680338062215199,1.058084960683054,23
4,Kampong Lama,2024-04-15 00:00:00,1.693212290895301,0.18586769903242129,0.43147478298818154,1.0758698088746925,0
